study_id,measurement_id,temperature_degC,depth_m,Unnamed: 4,Unnamed: 5,Unnamed: 6
1,1,-14.9764805,7.7134529999999994,,,
1,1,-14.682066,13.952519,,,
1,1,-14.328432999999999,21.899207999999998,,,
1,1,-14.178916000000001,28.179926000000002,,,
1,1,-14.028139000000001,36.18492,,,
1,1,-13.907182,43.04873,,,
1,1,-13.757665,49.329445,,,
1,1,-13.548929000000001,57.317783,,,
1,2,-2.7406764,14.097137,,,
1,2,-2.9988265,16.933807,,,
1,2,-3.2875873999999996,25.513601,,,
1,2,-3.4922707,38.7035,,,
1,2,-3.5243099,48.469685,,,
1,2,-3.4718637,61.69653,,,
1,2,-3.3908474,74.927475,,,
1,2,-3.3961532,89.87028000000001,,,
1,2,-3.4867608999999997,103.65131,,,
1,2,-3.5220652,122.613075,,,
1,2,-3.5836947,135.24878,,,
1,2,-3.6740983,148.4551,,,
1,2,-3.6789959999999997,162.24844,,,
1,2,-3.5683894,172.60988,,,
1,2,-3.4028876000000006,189.30148,,,
1,2,-3.1247385,210.60727999999997,,,
1,2,-2.7610836,232.50014,,,
1,2,-2.4262028,254.96361000000002,,,
1,2,-2.0339777,276.86057,,,
1,2,-1.5842048999999998,297.61627000000004,,,
1,2,-1.2195296,316.6355,,,
1,2,-0.85424215,333.93057000000005,,,
1,2,-0.60282636,350.05975,,,
1,3,-1.4366198000000001,28.107075,,,
1,3,-1.5211267,30.401529999999998,,,
1,3,-1.7464789,36.13767,,,
1,3,-1.8591548999999998,40.152966,,,
1,3,-1.9436619,44.741875,,,
1,3,-2.0,51.051624,,,
1,3,-2.0,57.361378,,,
1,3,-2.056338,64.24474000000001,,,
1,3,-2.140845,70.5545,,,
1,3,-2.1971831,74.569786,,,
1,3,-2.309859,77.43786,,,
1,3,-2.4225352000000004,80.87954,,,
1,3,-2.7042252999999996,83.74761,,,
1,3,-2.9295774,85.46845,,,
1,3,-3.1830986,89.48375,,,
1,3,-3.4366197999999994,92.351814,,,
1,3,-3.5774648,95.21989,,,
1,3,-3.7746480000000004,99.23518,,,
1,3,-3.8873239,102.676865,,,
1,3,-4.0,106.118546,,,
2,1,-14.338235000000001,12.612613,,,
2,1,-14.044118,15.315315,,,
2,1,-13.492647,23.423424,,,
2,1,-13.345589000000002,33.333332,,,
2,1,-13.529410999999998,54.954956,,,
2,1,-13.8970585,63.063065,,,
2,1,-14.632353,81.08108,,,
2,1,-15.220589000000002,104.5045,,,
2,1,-15.367647,126.12613,,,
2,1,-15.257353,146.84685,,,
2,1,-14.816176,173.87386999999998,,,
2,1,-13.639706,222.52252000000001,,,
2,1,-12.904411,251.35135,,,
2,2,-13.397732000000001,26.2791,,,
2,2,-12.837467,40.718536,,,
2,2,-12.050913000000001,66.038055,,,
2,2,-11.784181,85.11186,,,
2,2,-11.441238,109.63533999999999,,,
2,2,-10.875906,135.92406,,,
2,2,-10.350627000000001,154.93053,,,
2,2,-9.715712,171.17369,,,
2,2,-8.67373,189.13400000000001,,,
2,2,-7.670632400000001,202.54652,,,
2,2,-6.742184599999999,214.1553,,,
2,2,-5.293525700000001,232.92127999999997,,,
2,2,-3.8071517999999998,253.50061000000002,,,
2,2,-2.8032744,268.73607999999996,,,
2,2,-0.71892077,305.56818,,,
2,2,-0.08556492,318.16544,,,
2,3,-11.52246,9.072888,,,
2,3,-9.469445,12.597845,,,
2,3,-7.5963845,17.052963000000002,,,
2,3,-6.3356069999999995,20.633831,,,
2,3,-4.8226547,25.114365,,,
2,3,-3.3454137000000004,32.3498,,,
2,3,-2.120348,38.685574,,,
2,3,-1.1829698999999998,48.7115,,,
2,3,-0.4976673,58.75521,,,
2,3,-0.06424088,70.65162,,,
2,3,0.045188072999999995,83.48836,,,
2,3,0.046883874000000006,99.08509000000001,,,
5,1,-6.7842183,3.765797,,,
5,1,-7.512103,8.664274,,,
5,1,-7.997716400000001,13.858688,,,
5,1,-8.321702,18.638835999999998,,,
5,1,-8.492242,23.568776999999997,,,
5,1,-8.630499,28.64167,,,
5,1,-8.801013000000001,33.430479999999996,,,
5,1,-8.890830000000001,38.647240000000004,,,
5,1,-8.810969,43.591316,,,
5,1,-8.9249935,48.665577,,,
5,1,-8.917803,53.46442,,,
5,1,-8.975285000000001,58.541874,,,
5,1,-8.951966,63.482758,,,
5,1,-9.049783,68.27566999999999,,,
5,1,-8.945742,73.50336999999999,,,
5,1,-9.003302,79.00421,,,
5,1,-9.036472,83.659645,,,
5,1,-9.0211525,88.17669000000001,,,
5,1,-8.925162,93.26281,,,
5,1,-8.926128,98.48458000000001,,,
5,1,-8.846214999999999,103.1464,,,
5,1,-8.839077,108.2275,,,
5,1,-8.767267,113.02998999999998,,,
5,1,-8.792465,118.2504,,,
5,1,-8.639934,123.33971000000001,,,
5,1,-8.584331,128.42354,,,
5,1,-8.585217,133.22191999999998,,,
5,1,-8.497227,137.8842,,,
6,1,-11.643411,10.793650999999999,,,
6,1,-11.751938,11.904762,,,
6,1,-11.782946,14.126985000000001,,,
6,1,-11.875969,14.920635,,,
6,1,-11.922481,16.031746,,,
6,1,-11.968992,17.142857,,,
6,1,-12.015504,20.317460999999998,,,
6,1,-12.108527,21.428572,,,
6,1,-12.170542999999999,22.698412,,,
6,1,-12.2015505,24.444445,,,
6,1,-12.248062,26.349207,,,
6,1,-12.310078,28.730158000000003,,,
6,1,-12.356589,31.587301,,,
6,1,-12.403101,33.968253999999995,,,
6,1,-12.449613000000001,35.873016,,,
6,1,-12.48062,38.253966999999996,,,
6,1,-12.511628,41.26984,,,
6,2,-11.038758999999999,13.015873,,,
6,2,-11.302325,18.253970000000002,,,
6,2,-11.581395,23.492064000000003,,,
6,2,-11.643411,25.714285,,,
6,2,-11.674418,27.619047,,,
6,2,-11.767441999999999,29.682539000000002,,,
6,2,-11.875969,32.06349,,,
6,2,-11.813953,33.809525,,,
6,3,-9.126615,9.78836,,,
6,3,-8.609819,20.37037,,,
6,3,-9.509044,30.63492,,,
6,3,-10.335917,41.32275,,,
6,3,-10.749353999999999,51.587303000000006,,,
6,3,-10.925065,61.957671999999995,,,
6,3,-11.007750999999999,72.43386,,,
6,3,-11.049095,82.91005,,,
6,3,-11.049095,92.96296,,,
6,3,-10.935400999999999,103.756615,,,
6,3,-10.966409,130.42328,,,
6,4,-6.976744,11.1640215,,,
6,4,-7.1937985,16.455026999999998,,,
6,4,-7.793281599999999,21.322751999999998,,,
6,4,-8.423772999999999,26.825397,,,
6,4,-8.981913,32.1164,,,
6,4,-9.198966,37.301586,,,
6,4,-9.219638,41.957671999999995,,,
6,4,-9.343669,47.67196,,,
6,4,-9.498708,52.539683999999994,,,
6,4,-9.705426,57.93651,,,
6,4,-10.149871000000001,68.51852,,,
6,4,-10.366925,73.280426,,,
6,4,-10.408269,76.031746,,,
6,4,-10.635659,81.216934,,,
6,4,-10.770026,86.296295,,,
6,4,-10.904392999999999,91.48148,,,
6,4,-10.9974165,96.666664,,,
6,4,-11.090439,101.85185,,,
6,4,-11.049095,107.56613999999999,,,
6,4,-11.069767,112.22222,,,
6,4,-11.028423,117.83068999999999,,,
6,5,-8.826874,11.058200999999999,,,
6,5,-8.702843,13.597883,,,
6,5,-8.55814,16.243385,,,
6,5,-8.382429,18.783070000000002,,,
6,5,-8.206717999999999,25.449735999999998,,,
6,5,-8.351421,35.820107,,,
6,5,-8.826874,46.402115,,,
6,5,-9.343669,56.984127,,,
6,5,-9.498708,67.3545,,,
6,5,-10.160207000000002,77.40741,,,
6,5,-10.439277,88.09524,,,
6,5,-10.718347,98.25397,,,
6,5,-10.759689999999999,108.835976,,,
6,5,-10.770026,117.08995,,,
6,6,-11.302325,13.809524,,,
6,6,-11.410852,18.730158,,,
6,6,-11.503876,29.523809999999997,,,
6,6,-11.689922,34.444443,,,
6,6,-11.488372,39.20635,,,
6,6,-11.581395,50.0,,,
6,6,-11.472868,60.31746,,,
6,6,-11.612403,71.111115,,,
6,6,-11.379845,81.216934,,,
6,7,-10.987081,17.301588,,,
6,7,-10.976745,27.883598,,,
6,7,-11.255813999999999,48.624340000000004,,,
6,7,-11.359173,58.783069999999995,,,
6,7,-11.379845,64.07406999999999,,,
6,7,-11.452196,69.36508,,,
6,7,-11.2661495,74.44444,,,
6,7,-11.328165,79.84127,,,
8,1,-13.803279000000002,5.0983605,,,
8,1,-14.401639000000001,5.983606299999999,,,
8,1,-14.549179999999998,8.0,,,
8,1,-14.204918,9.967213000000001,,,
8,1,-13.950820000000002,11.983606,,,
8,1,-13.745902,14.0,,,
8,1,-13.696720999999998,16.065575,,,
8,1,-13.655738000000001,18.032787,,,
8,1,-13.442623000000001,19.950819,,,
8,1,-13.696720999999998,22.016394000000002,,,
8,1,-13.696720999999998,24.032787,,,
8,1,-13.557376999999999,26.0,,,
8,1,-13.385245999999999,28.016394000000002,,,
8,1,-13.385245999999999,28.016394000000002,,,
8,2,-11.937716499999999,5.257647,,,
8,2,-11.790016,5.4085894,,,
8,2,-11.420751,5.761274,,,
8,2,-11.273238000000001,6.257609400000001,,,
8,2,-11.339350999999999,7.045782000000001,,,
8,2,-11.577713000000001,7.5345016000000005,,,
8,2,-11.873572,8.071428,,,
8,2,-12.062619999999999,8.462436,,,
8,2,-12.153255,9.052755,,,
8,2,-12.449358,10.033759,,,
8,2,-12.860941,11.9993305,,,
8,2,-12.927781,14.119732999999998,,,
8,2,-12.952924000000001,15.056742000000002,,,
8,2,-13.036642,18.015629999999998,,,
8,2,-13.111666,20.08653,,,
8,2,-13.163622,25.019743,,,
8,2,-13.141742,30.053095000000003,,,
8,2,-13.070575,35.03808,,,
8,3,-2.1592605,5.039085,,,
8,3,-3.2681465,5.991604,,,
8,3,-5.371360299999999,8.040639,,,
8,3,-7.092378999999999,10.043352,,,
8,3,-8.087285000000001,12.048959,,,
8,3,-8.680949,14.104013,,,
8,3,-8.987928,16.064518,,,
8,3,-9.161180499999999,18.0734,,,
8,3,-9.277107,20.082514,,,
8,3,-9.564948,21.995245,,,
8,3,-9.795494,23.956055,,,
8,3,-10.026100999999999,26.012556,,,
8,3,-10.065596000000001,28.021973,,,
8,3,-10.066935,30.127235,,,
8,4,-8.331189,4.966629,,,
8,4,-7.357278,5.9274526,,,
8,4,-5.715339,8.087114999999999,,,
8,4,-4.5700927,10.053409,,,
8,4,-3.9407989999999997,12.065493,,,
8,4,-3.5981589999999994,14.124279999999999,,,
8,4,-3.6567314,16.085773,,,
8,4,-3.6962260000000002,18.09519,,,
8,4,-3.7738757000000005,20.008762,,,
8,4,-3.966297,22.113262,,,
8,5,-3.9362957,4.984153,,,
8,5,-4.6821556,5.9859656999999995,,,
8,5,-4.0732783999999995,10.055389,,,
8,5,-2.3949492,15.086018,,,
8,5,-2.6306071,25.085104,,,
12,1,0.001265308,0.97873795,,,
12,1,-0.0464741,1.9159636000000002,,,
12,1,-0.14651291,2.967782,,,
12,1,-0.19060922,4.01841,,,
12,1,-0.22084825,4.9694486,,,
12,1,-0.19507141,5.9760349999999995,,,
12,1,-0.1552906,6.996508599999999,,,
12,1,-0.09799109,8.044979,,,
12,1,-0.05475056,9.037009,,,
12,1,-0.029010400000000006,10.015226,,,
12,2,-0.38337618,0.9585521999999999,,,
12,2,-0.6093957,1.9279412,,,
12,2,-0.9948745999999999,3.9645980000000005,,,
12,2,-1.0534516999999999,4.6325392999999995,,,
12,2,-1.0561228,5.2709209999999995,,,
12,2,-1.0202053,6.0077767,,,
12,2,-0.8043204,8.017453,,,
12,2,-0.6688713000000001,10.014656,,,
12,3,-1.490527,1.9183195,,,
12,3,-1.7884856,4.038224,,,
12,3,-1.8539089,4.819791,,,
12,3,-1.8776319,5.4018807,,,
12,3,-1.8943436999999999,5.998006299999999,,,
12,3,-1.8972533,6.451988,,,
12,3,-1.8755596999999997,7.004741,,,
12,3,-1.8399904999999999,7.47209,,,
12,3,-1.7797996999999999,8.052394,,,
12,3,-1.6490939999999998,9.085117,,,
12,3,-1.4870671999999998,10.003695,,,
12,4,0.0,10.0,,,
12,5,0.0,10.0,,,
12,6,0.0,10.0,,,
12,7,-5.872063,0.042611800000000005,,,
12,7,-4.8074512,0.9091651,,,
12,7,-4.6818266,1.9575582999999999,,,
12,7,-4.4957705,2.9645297999999998,,,
12,7,-3.9866745000000003,3.9256589999999996,,,
12,7,-3.2549474,4.9840503,,,
12,7,-2.4627886,6.001020400000001,,,
12,7,-1.7273203999999998,7.948240299999999,,,
12,7,-1.3392582,8.951811,,,
12,7,-0.56729984,9.969121000000001,,,
12,8,-3.649743,0.03969863,,,
12,8,-2.8577542,0.9388299999999999,,,
12,8,-2.267431,2.0017311999999996,,,
12,8,-2.2026633999999996,2.992527,,,
12,8,-1.7137683999999997,3.9559260000000003,,,
12,8,-1.4469097,4.963556,,,
12,8,-1.2101819999999999,6.012179,,,
12,8,-1.0747122,7.001782400000001,,,
12,8,-0.47046286,8.975367,,,
12,8,-0.6278166000000001,9.990152,,,
12,9,-3.922451,0.03509836,,,
12,9,-3.261596,0.9861276,,,
12,9,-3.1463267999999998,1.9760718000000002,,,
12,9,-2.9500852,3.0051353,,,
12,9,-2.4713755,3.9484633999999996,,,
12,9,-1.9215384999999998,4.991804599999999,,,
12,9,-1.0443262,7.0215119999999995,,,
12,9,-0.8282241,7.96927,,,
12,9,-0.5208792999999999,8.99646,,,
12,9,-0.37522423,10.006134,,,
13,1,-11.157803999999999,1.07390538,,,
13,1,-12.924858,1.35395635,,,
13,1,-12.783553999999999,1.64801961,,,
13,1,-11.062808,1.9570634999999998,,,
13,1,-10.066324,2.24860854,,,
13,1,-8.467406,2.85249061,,,
13,1,-8.06297,3.14577893,,,
13,1,-7.527617,3.4190498,,,
13,1,-6.9251823,3.7313872000000003,,,
13,1,-6.4549637,4.02448166,,,
15,1,0.031055901,5.0746269999999996,,,
15,1,0.015527951000000002,10.0,,,
15,1,-0.01552795,15.0,,,
15,1,-0.01552795,19.925373,,,
15,2,-0.08902077,5.053381,,,
15,2,-0.07418398,9.964413,,,
15,2,-0.02967359,14.982206,,,
15,2,-0.01552795,20.0,,,
15,3,0.018667148,5.1173058,,,
15,3,-0.13765894,10.053134,,,
15,3,-0.86464065,15.056920999999999,,,
15,3,-0.85589325,20.066011,,,
15,4,-11.142745,3.1406967999999997,,,
15,4,-14.257251,5.05122,,,
15,4,-14.419406,6.978486,,,
15,4,-14.327797,9.020614,,,
15,4,-14.013867000000001,11.007292,,,
15,4,-13.953903,12.992529,,,
15,4,-13.957431,14.977406,,,
15,4,-13.834176000000001,17.076424,,,
15,4,-13.86945,19.061121,,,
15,4,-13.8413315,21.10289,,,
15,4,-13.939895000000002,22.973804,,,
15,4,-13.848486999999999,25.129354,,,
15,4,-13.851913,27.057522,,,
15,4,-13.823595000000001,28.985867,,,
15,5,-13.381817999999999,0.9696969999999999,,,
15,5,-15.069091,1.9393939999999998,,,
15,5,-15.010909,3.030303,,,
15,5,-13.672728,4.0,,,
15,5,-10.647273,6.0,,,
15,5,-7.447273,7.969697,,,
15,5,-5.12,9.969697,,,
15,5,-3.6654546000000003,11.939394,,,
15,5,-2.909091,14.030303,,,
15,6,-10.634601,0.9817033000000002,,,
15,6,-10.641743,2.0142412,,,
15,6,-10.474553,2.9863717999999997,,,
15,6,-10.133662,3.989201,,,
15,6,-9.10427,6.025889,,,
15,6,-8.653951,7.97037,,,
15,6,-8.435722,9.944778999999999,,,
15,6,-8.333853999999999,11.979707000000001,,,
15,6,-8.347716,13.984045000000002,,,
15,7,-2.54717,2.3268697,,,
15,7,-1.0916442,3.1578948,,,
15,7,-0.44474393,3.6565095999999997,,,
15,7,-0.24258760000000001,4.819944400000001,,,
15,7,-0.44474393,6.1495843,,,
15,7,-1.1725067,8.144044000000001,,,
15,7,-1.981132,10.138504,,,
15,7,-2.708895,11.966759,,,
15,7,-2.7897575,13.961219,,,
15,7,-2.4663072,18.116343,,,
15,7,-1.0107815999999998,28.088642,,,
15,7,-1.981132,38.227146000000005,,,
15,7,-5.619946,58.171744999999994,,,
15,7,-7.964959599999999,78.44875,,,
15,7,-8.733153,98.22715,,,
15,7,-8.61186,118.00554,,,
16,1,-9.118269999999999,9.832344,,,
16,1,-8.612353,20.040526999999997,,,
16,1,-9.495749,30.041816999999998,,,
16,1,-10.318810000000001,39.771167999999996,,,
16,1,-10.698857,49.74987,,,
16,1,-10.937897999999999,59.99148,,,
16,1,-10.9556,69.68469,,,
16,1,-11.013501,79.64894,,,
16,1,-11.031068,89.880615,,,
16,1,-10.927897999999999,99.83764000000001,,,
16,1,-10.941343,126.49238600000001,,,
16,2,-6.963661999999999,10.812597,,,
16,2,-7.22412,15.939727,,,
16,2,-7.806790400000001,20.812079999999998,,,
16,2,-8.38946,25.684435,,,
16,2,-8.972062,30.82602,,,
16,2,-9.131917999999999,35.6794,,,
16,2,-9.231304,40.7993,,,
16,2,-9.330689999999999,45.919205,,,
16,2,-9.490547,50.772587,,,
16,2,-9.670469,55.896103000000004,,,
16,2,-9.870593,60.751290000000004,,,
16,2,-10.130983,66.14765,,,
16,2,-10.351241,71.00374599999999,,,
16,2,-10.350634,73.42681999999999,,,
16,2,-10.631226,78.554855,,,
16,2,-10.730815,82.867065,,,
16,2,-10.969788000000001,93.37791,,,
16,2,-11.069242,98.22858000000001,,,
16,2,-11.007421,103.87971,,,
16,2,-11.026339,108.72677,,,
16,2,-10.944721000000001,113.030846,,,
17,1,-7.1912009999999995,0.0,,,
17,1,-8.037225,0.1875,,,
17,1,-8.925549499999999,0.328125,,,
17,1,-9.6446705,0.515625,,,
17,1,-10.504794,0.671875,,,
17,1,-11.322617,0.796875,,,
17,1,-12.084039,0.984375,,,
17,1,-12.901861,1.140625,,,
17,1,-13.606881,1.328125,,,
17,1,-14.001692000000002,1.484375,,,
17,1,-14.170897,1.578125,,,
17,1,-14.368301999999998,1.796875,,,
17,1,-14.452905,2.046875,,,
17,1,-14.509306,2.328125,,,
17,1,-14.509306,2.609375,,,
17,1,-14.424704,2.921875,,,
17,1,-14.340101,3.234375,,,
17,1,-14.170897,3.703125,,,
17,1,-13.945291000000001,4.171875,,,
17,1,-13.776086,4.640625,,,
17,1,-13.550479999999999,5.078125,,,
17,1,-13.240271,5.515625,,,
17,1,-12.930062,5.984375,,,
17,1,-12.676255000000001,6.453125,,,
17,1,-12.337846,6.890625,,,
17,1,-12.112239,7.390625,,,
17,1,-11.773829,7.921875,,,
17,1,-11.689227,8.296875,,,
17,1,-11.5482235,9.046875,,,
17,1,-11.407219,9.765625,,,
17,1,-11.407219,10.390625,,,
17,1,-11.407219,11.078125,,,
17,1,-11.407219,11.828125,,,
17,1,-11.407219,12.546875,,,
17,1,-11.407219,13.296875,,,
17,1,-11.491822,14.078125,,,
17,1,-11.491822,14.515625,,,
17,1,-11.491822,14.890625,,,
18,1,-5.6081223,5.2211885,,,
18,1,-4.629293,11.350636,,,
18,1,-1.1362895,53.091602,,,
18,1,-0.05546982,104.0968,,,
18,1,-0.0347351,151.84395,,,
18,1,-0.04621008,203.89105,,,
18,1,-0.04146945,254.98189,,,
18,2,-0.01484216,14.803316,,,
18,2,0.005759645999999999,61.11801,,,
18,2,-0.02219679,111.25648000000001,,,
18,2,-0.09795828,173.33594,,,
18,2,-0.19117592,223.0021,,,
18,2,-0.21904375,274.09555,,,
18,2,-0.24797489,313.72934,,,
18,2,-0.24700019,324.23400000000004,,,
18,3,-3.0964742000000003,6.048333,,,
18,3,-2.3734612,32.048035,,,
18,3,-0.86434555,74.2093,,,
18,3,-0.00589256,123.35994,,,
18,4,-3.5849807,8.933848,,,
18,4,-1.7513753,43.707029999999996,,,
18,4,-0.30809674,83.00171,,,
18,4,-0.02645006,103.68865,,,
18,4,-0.00810781,113.11419,,,
18,4,-0.02011446,132.9915,,,
18,5,-3.4864864,15.961801000000001,,,
18,5,-0.8756757,56.275580000000005,,,
18,5,-0.01621622,96.38472,,,
18,5,-0.01621622,107.23056000000001,,,
18,6,-4.1675677,14.529330999999999,,,
18,6,-1.2648648999999998,55.661663,,,
18,6,-0.01621622,95.97544,,,
18,6,-0.01621622,106.00273,,,
19,1,-8.994846,9.689953,,,
19,1,-7.0637479999999995,14.667974,,,
19,1,-4.579535,23.771585,,,
19,1,-3.335086,32.938774,,,
19,1,-2.090637,42.105965000000005,,,
19,1,-1.3053596,51.296703,,,
19,1,-0.7955853,60.501569999999994,,,
19,2,-7.0678997,11.032052,,,
19,2,-5.452047299999999,16.875999999999998,,,
19,2,-4.206076599999999,20.907042999999998,,,
19,2,-3.049934,26.804314,,,
19,2,-1.9852047,33.176136,,,
19,2,-1.7019814999999998,39.638603,,,
19,2,-0.96010566,45.119972,,,
19,2,-0.72391015,50.659991999999995,,,
19,2,-0.3022457,57.570354,,,
19,2,0.131572,75.150185,,,
19,2,0.05389696,87.68588000000001,,,
19,3,-4.2748957,10.484469,,,
19,3,-2.8886267999999995,15.862129000000001,,,
19,3,-1.8837293000000002,20.816042000000003,,,
19,3,-1.7183627000000001,27.529015,,,
19,3,-1.3310962,33.915802,,,
19,3,-1.1672411,39.099792,,,
19,3,-0.9701312,45.809853000000004,,,
19,3,-0.7739283,51.602524,,,
19,3,-0.48219359999999994,57.692253,,,
19,3,-0.41266099999999994,63.802369999999996,,,
19,3,-0.17836629,76.01386,,,
19,4,-5.712962,11.93189,,,
19,4,-4.820302,16.749092,,,
19,4,-4.0803747,21.888695000000002,,,
19,4,-3.5831337,29.200577000000003,,,
19,4,-3.0871422,35.285465,,,
19,4,-2.742634,42.919746,,,
19,5,-11.152822500000001,8.548364,,,
19,5,-10.282734,15.79923,,,
19,5,-9.668885000000001,22.764744,,,
19,5,-9.119288000000001,29.430271,,,
19,5,-8.759376,38.854202,,,
21,1,-5.179821,9.354856,,,
21,1,-4.0645940000000005,13.23024,,,
21,1,-2.750556,16.976353,,,
21,1,-1.7411869,21.344732,,,
21,2,-4.4769287,9.941908999999999,,,
21,2,-4.2893167000000005,14.828303,,,
21,2,-3.4254775,19.93571,,,
21,2,-1.1276813,30.252926000000002,,,
21,3,-6.2666254,10.126781,,,
21,3,-4.4727106,20.216959,,,
21,3,-2.2393432,35.062405,,,
21,3,-1.6142876,39.811188,,,
21,3,-1.0289539,44.683679999999995,,,
21,3,-0.48329195,49.802209999999995,,,
21,4,-5.773893,15.491807999999999,,,
21,4,-4.510373599999999,25.355875,,,
21,4,-2.1556307999999995,45.212357,,,
21,4,-1.0907714,55.572662,,,
21,4,-0.28006226,60.43728,,,
21,4,-0.03972194,64.58789,,,
23,1,-11.1,15.0,,,
23,2,-12.2,15.0,,,
23,3,-9.5,15.0,,,
23,4,-10.5,15.0,,,
24,1,-5.5789475,115.09971999999999,,,
24,1,-4.0526314,104.5584,,,
24,1,-3.5701754,100.2849,,,
24,1,-3.122807,95.4416,,,
24,1,-2.6842105,89.74359,,,
24,1,-2.3421052,85.18519,,,
24,1,-2.0175438000000003,80.34188,,,
24,1,-1.7017543000000002,74.643875,,,
24,1,-1.4561403999999998,69.80057,,,
24,1,-1.2631578,64.95727,,,
24,1,-1.0614035,59.82906,,,
24,1,-0.9035088,54.415955000000004,,,
24,1,-0.7280701999999999,49.28775,,,
24,1,-0.622807,44.159546,,,
24,1,-0.48245615,39.88604,,,
24,1,-0.42105263,35.327637,,,
24,1,-0.31578946,29.62963,,,
24,1,-0.11403509,19.94302,,,
24,1,-0.09649123,10.541310000000001,,,
24,1,-0.07894737,0.85470086,,,
24,2,-6.7017546,190.02848999999998,,,
24,2,-5.2894735,179.77208000000002,,,
24,2,-4.377193,170.08546,,,
24,2,-3.6052632000000004,160.11395,,,
24,2,-2.8596492000000002,149.85754,,,
24,2,-2.3421052,140.17094,,,
24,2,-1.7105263,129.91454,,,
24,2,-0.9736841999999999,110.25641,,,
24,2,-0.65789473,100.0,,,
24,2,-0.47368422,90.02849,,,
24,2,-0.28070176,80.34188,,,
24,2,-0.23684211,69.80057,,,
24,2,-0.19298245,59.54416,,,
24,2,-0.15789473,49.00285,,,
24,2,-0.13157895,39.031338,,,
24,2,-0.14912279999999997,29.344728000000003,,,
24,2,-0.14035088,19.65812,,,
24,2,-0.13157895,9.686608999999999,,,
24,2,-0.09649123,0.0,,,
24,3,-1.8245613999999997,140.17094,,,
24,3,-0.48245615,130.19943,,,
24,3,-0.24561404,119.94301999999999,,,
24,3,0.05263158,110.54131000000001,,,
24,3,0.14912279999999997,99.1453,,,
24,3,0.06140351,90.88319399999999,,,
24,3,0.06140351,78.91738000000001,,,
24,3,-0.9736841999999999,69.80057,,,
24,3,0.01754386,59.25926,,,
24,3,0.02631579,49.57265,,,
24,3,0.01754386,38.746437,,,
24,3,0.10526316,30.19943,,,
24,3,0.02631579,19.65812,,,
24,3,0.00877193,9.401710000000001,,,
24,3,-0.00877193,0.28490028,,,
25,1,0.002185663,-0.091709,,,
25,1,0.000516,1.8649988999999998,,,
25,1,0.001035729,3.882597,,,
25,1,0.000106,5.900361,,,
25,1,0.002059643,7.8566537,,,
25,1,-0.01941105,8.898515,,,
25,1,-0.11046066,9.887211,,,
25,1,-0.06061179,12.113147999999999,,,
25,2,0.000776,2.873798,,,
25,2,-0.0048951,8.988562,,,
25,2,-0.23085724,9.473024,,,
25,2,-0.31915802,9.880564999999999,,,
25,2,-0.16238888,10.840850999999999,,,
25,2,-0.08676098,11.87158,,,
25,2,-0.04014926,12.783354,,,
25,2,-0.00944758,13.819234,,,
25,2,-0.0062892,14.827701000000001,,,
25,2,-0.00166583,15.897140499999999,,,
25,2,0.000807,19.871029999999998,,,
25,2,-0.00065,25.465612,,,
26,1,-2.7440374,12.359355,,,
26,1,-2.615846,17.729843,,,
26,1,-2.5454842999999996,22.761892,,,
26,1,-2.4158227,24.612779999999997,,,
26,1,-2.3876779999999997,26.625598999999998,,,
26,1,-2.3595333,28.638417999999998,,,
26,1,-2.389218,30.3128,,,
26,1,-2.303314,32.831657,,,
26,2,-2.8630137,11.176471000000001,,,
26,2,-2.671233,16.050420000000003,,,
26,2,-2.4520547,21.092438,,,
26,2,-2.30137,26.134455,,,
26,2,-2.109589,30.840335999999997,,,
26,2,-2.109589,36.218486999999996,,,
26,2,-2.0958905,38.403362,,,
26,2,-2.0273972,40.7563,,,
26,2,-2.0547945,42.26891,,,
26,2,-2.041096,44.62185,,,
26,2,-1.9863013999999999,46.47059,,,
26,3,-2.555024,9.664804,,,
26,3,-2.2966506,14.860335000000001,,,
26,3,-2.167464,19.720670000000002,,,
26,3,-1.8947368999999998,24.9162,,,
26,3,-1.7655503000000001,30.111732,,,
26,3,-1.5933013999999999,34.97207,,,
26,3,-1.4210526,40.502792,,,
26,3,-1.4066986000000001,40.7563,,,
26,3,-1.2918661,49.888268,,,
26,3,-1.2488039,54.41340600000001,,,
26,3,-1.2488039,56.927376,,,
26,3,-1.2344496999999999,58.93855,,,
26,3,-1.2918661,61.284916,,,
26,3,-1.2057416,62.960896,,,
26,3,-1.2631578,65.13965999999999,,,
26,4,-1.8229665000000002,14.178273,,,
26,4,-1.1913875,24.038998,,,
26,4,-1.0047847,29.387186,,,
26,4,-0.8755980999999999,34.401115000000004,,,
26,4,-0.67464113,38.91365,,,
26,4,-0.6028708,44.094707,,,
26,4,-0.3875598,49.108635,,,
26,4,-0.25837319999999997,53.955433,,,
26,4,-0.10047847,59.303619999999995,,,
26,4,-0.01435407,60.97493000000001,,,
26,4,-0.05741627,62.980503000000006,,,
26,4,-0.043062199999999995,65.320335,,,
26,4,0.0,67.325905,,,
26,4,0.028708134,69.164345,,,
26,5,-1.9905213,9.832402,,,
26,5,-1.6635071,15.195530999999999,,,
26,5,-1.3933649,20.223463,,,
26,5,-1.0947868,24.9162,,,
26,5,-0.8530806000000001,30.111732,,,
26,5,-0.6824645,35.139664,,,
26,5,-0.36966825,40.0,,,
26,5,-0.36966825,41.843575,,,
26,5,0.014218008999999998,44.022346,,,
26,5,-0.07109005,46.03352,,,
26,5,0.014218008999999998,47.709496,,,
26,5,-0.05687204,50.055865999999995,,,
26,6,-1.5507246000000001,15.865922,,,
26,6,-1.1884058000000002,20.726257,,,
26,6,-1.1014493,25.921787,,,
26,6,-0.76811594,30.949720000000003,,,
26,6,-0.65217394,35.810055,,,
26,6,-0.47826087,41.005584999999996,,,
26,6,-0.4347826,45.530727,,,
26,6,-0.39130434,50.893856,,,
26,6,-0.10144927,55.921787,,,
26,6,-0.01449275,57.76536,,,
26,6,0.028985507999999997,59.776534999999996,,,
26,6,0.04347826,61.620113,,,
26,6,-0.04347826,63.631287,,,
26,6,-0.01449275,65.81006,,,
26,7,-1.3125,15.181059,,,
26,7,-0.90865386,20.027855,,,
26,7,-0.67788464,25.041782,,,
26,7,-0.49038459999999995,30.055709999999998,,,
26,7,-0.36057693,34.735374,,,
26,7,-0.28846154,39.749302,,,
26,7,-0.21634616,44.930363,,,
26,7,-0.11538462,49.94429,,,
26,7,-0.05769231,54.791090000000004,,,
26,7,-0.1298077,59.805016,,,
26,7,-0.04326923,61.810584999999996,,,
26,7,-0.20192307,63.983288,,,
26,7,-0.11538462,65.98886,,,
26,7,-0.10096154,67.99443000000001,,,
26,7,-0.04326923,69.498604,,,
27,1,0.041244794,21.027739999999998,,,
27,1,-0.131653,26.90598,,,
27,1,-2.2363033,33.030994,,,
27,1,-3.2301135,38.889114,,,
27,1,-3.8612704,44.020813000000004,,,
27,1,-3.9610546,48.87141,,,
27,1,-2.8538094,54.045715,,,
27,1,-2.7604377,58.901047,,,
27,1,-2.9570912999999996,64.19046,,,
27,1,-3.4432843,69.17865,,,
27,1,-3.8811883999999996,74.16802,,,
27,1,-3.9569254000000003,79.16627,,,
27,2,0.079088956,0.29293552,,,
27,2,0.052904099999999996,3.3805943,,,
27,2,-5.4070516,8.246875,,,
27,2,-4.420431,13.271163,,,
27,2,-3.6269669999999996,18.290716,,,
27,2,-3.5819813999999996,23.291925,,,
27,2,-4.361212,33.273037,,,
27,2,-6.0337877,43.232254,,,
27,2,-7.3441963,53.200343999999994,,,
27,2,-8.002705,63.18441800000001,,,
27,2,-8.226708,73.3262,,,
27,2,-7.6055592999999995,83.34164,,,
27,2,-7.443252,93.49289,,,
27,2,-6.683551,113.07073999999999,,,
27,3,-4.2224174,5.9229193,,,
27,3,-2.7803557,15.958476000000001,,,
27,3,-3.7286943999999997,26.082506,,,
27,3,-5.135584,35.901173,,,
27,3,-7.001413,46.002712,,,
27,3,-8.335869,55.823154,,,
27,3,-8.922041,65.95606,,,
27,3,-8.862722999999999,85.810875,,,
27,3,-8.916453,94.04503000000001,,,
27,4,-4.918720700000001,0.02337566,,,
27,4,-7.6730375,2.7500432,,,
27,4,-9.538769,12.704525,,,
27,4,-8.99015,22.865244,,,
27,4,-10.662726,32.824459999999995,,,
27,4,-10.910778,42.818591999999995,,,
27,4,-10.965577,52.6704,,,
27,4,-11.068955,62.9622,,,
27,4,-11.049961,70.75695,,,
27,5,-10.309157,9.303218,,,
27,5,-9.636513,14.466872,,,
27,5,-9.591624000000001,19.615139000000003,,,
27,5,-9.908612,24.313353,,,
27,5,-10.250035,29.452152,,,
27,5,-10.666903999999999,39.14802,,,
27,5,-10.794428,49.43923,,,
27,5,-10.994094,59.287487,,,
27,5,-10.831883,69.5858,,,
27,5,-10.862537,79.438194,,,
28,1,-0.8661235,6.1493998,,,
28,1,-1.5018553,6.6457996,,,
28,1,-2.4181795,10.478909,,,
28,1,-2.0376165,13.319944,,,
28,1,-1.5051589,18.480906,,,
28,1,-0.84666085,27.504771999999996,,,
28,1,-0.77146757,31.366226,,,
28,1,-0.8256181999999999,43.19988,,,
28,1,-0.88070256,58.378235,,,
28,1,-0.8560690000000001,61.209095,,,
28,1,-0.9612822,73.81315,,,
28,1,-0.98756754,76.89984,,,
28,1,-0.7375695,92.08691400000001,,,
28,1,-0.46214798,107.27472,,,
28,2,-0.9050279,3.5989716,,,
28,2,-4.022346499999999,5.912596,,,
28,2,-5.530726400000001,9.2544985,,,
28,2,-5.5810056,12.082262,,,
28,2,-4.952514,14.395885999999999,,,
28,2,-4.424581,17.73779,,,
28,2,-4.022346499999999,21.59383,,,
28,2,-3.067039,32.390747,,,
28,2,-2.23743,41.131104,,,
28,2,-2.2877095,49.871464,,,
28,2,-0.8547485999999999,59.640102,,,
28,2,-0.42737429999999993,68.38046,,,
28,2,-0.20111732,77.634964,,,
28,2,-0.02513967,86.88946,,,
29,1,-3.1419387000000003,3.238049,,,
29,1,-5.256179,17.395834,,,
29,1,-3.4435616000000002,32.43298,,,
29,1,-1.7463673,47.797965999999995,,,
29,2,-0.8620344000000001,1.2488993,,,
29,2,-8.022564,11.305096,,,
29,2,-6.9333789999999995,18.933119,,,
29,2,-6.7356853,20.970875,,,
29,2,-6.606267,26.883293,,,
29,2,-6.0794377,32.996016999999995,,,
29,3,-1.9126819,7.5040784,,,
29,3,-0.34927234,14.812398000000002,,,
29,3,-0.14968815,22.8385,,,
29,3,-1.2474011999999999,30.277325,,,
29,4,-5.122299,3.0462523,,,
29,4,-6.5577607,5.5847809999999996,,,
29,4,-6.7548122,8.684486999999999,,,
29,4,-6.1371910000000005,14.975610000000001,,,
29,5,-6.253875,5.6462007000000005,,,
29,5,-5.266261,11.776124000000001,,,
29,5,-3.8127584000000003,17.902994,,,
29,5,-3.252363,21.04619,,,
29,5,-2.7452784,24.032394,,,
29,5,-2.331327,27.124104,,,
29,6,-2.8847046,22.389597,,,
29,6,-2.362641,26.481474,,,
29,6,-1.7596880000000001,29.657625,,,
29,6,-1.5074173,31.475578000000002,,,
30,1,-3.1388873999999998,36.368313,,,
30,1,-0.01332871,76.53601,,,
30,1,-0.08174836,117.51123999999999,,,
30,1,-0.12247054,157.72098,,,
30,1,-0.18399382,197.17748999999998,,,
30,1,-0.21087524,236.62526,,,
30,1,-0.20309883,276.82272,,,
30,1,-0.27150250000000004,318.55643,,,
30,1,-0.29143953,358.76093,,,
30,2,-1.9130939999999999,11.028557000000001,,,
30,2,-2.1136007,30.799732000000002,,,
30,2,-2.2170782000000004,52.063334999999995,,,
30,2,-2.362142,72.57897,,,
30,2,-1.5298096,116.36038,,,
30,2,-0.9468985000000001,160.20485,,,
30,2,-0.19769055,204.76576,,,
30,2,-0.20370686,248.00064,,,
30,2,-0.43834338,292.05182,,,
30,3,-1.7120433000000002,17.045567000000002,,,
30,3,-1.912166,55.02016999999999,,,
30,3,-1.779743,92.152214,,,
30,3,-1.5710918,130.02347,,,
30,3,-1.2793162,167.11522,,,
30,3,-0.7588885000000001,204.90764,,,
30,3,-0.23154835,241.93985,,,
30,3,-0.25151742,280.62737999999996,,,
30,3,-0.23687664,317.78918,,,
30,4,-0.09080485,16.635673999999998,,,
30,4,-0.11810230000000001,36.363056,,,
30,4,-0.11075791,56.081683999999996,,,
30,4,-0.13109499,77.324265,,,
30,4,-0.17224918,167.11522,,,
30,4,-0.1856739,117.53751000000001,,,
30,4,-0.21295536,138.02338,,,
30,4,-0.22638008,158.50572,,,
30,4,-0.27447864,177.47988999999998,,,
30,5,-1.0607926,16.122432999999997,,,
30,5,-0.9427863000000001,26.711319,,,
30,5,-0.94235426,47.19017,,,
30,5,-0.99043685,66.92281,,,
30,5,-1.0664248,77.560745,,,
30,5,-1.1695183999999998,117.02776999999999,,,
30,5,-1.2037282,137.51538,,,
30,5,-1.1201718,157.21473999999998,,,
30,5,-1.050456,177.47988999999998,,,
30,5,-0.8840312,184.46033,,,
30,5,-0.4257027,234.40412999999998,,,
30,5,-0.11288602,283.62625,,,
30,5,-0.19529042,318.53717,,,
30,5,-0.18101765,338.25403,,,
30,5,-0.19463438,349.63467,,,
30,6,-0.06987573,23.456703,,,
30,6,-0.1387594,42.436122999999995,,,
30,6,-0.11754227,62.90971999999999,,,
30,6,-0.13099898,81.87512,,,
30,6,-0.15826444,103.11946,,,
30,6,-0.13709532,121.31763000000001,,,
30,6,-0.18512988,143.3257,,,
30,6,-0.19164222,163.04782,,,
30,6,-0.1912262,182.7682,,,
31,1,-4.1419053,0.01487858,,,
31,1,-4.1403675,0.29362422,,,
31,1,-4.296198400000001,0.48066923,,,
31,1,-4.097565,0.9437271,,,
31,1,-4.055788,1.4079995,,,
31,1,-3.8176847,1.9172113000000002,,,
31,1,-4.6352839999999995,2.9921129,,,
31,1,-3.4142672999999997,3.9583097,,,
31,1,-3.1282357999999997,6.0467763,,,
31,1,-2.8040154,7.949109,,,
31,1,-2.3226826000000003,9.896685,,,
7,1,-14.079225,11.69219,,,
7,1,-14.055535,17.923489,,,
7,1,-13.968273000000002,24.029997,,,
7,1,-13.875242000000002,30.014069,,,
7,1,-13.787992000000001,35.998375,,,
7,1,-13.694961,41.98245,,,
7,1,-13.619282,47.845024,,,
7,1,-13.555141,53.952473,,,
7,1,-13.45633,59.93631,,,
7,1,-13.340167000000001,66.04164,,,
7,1,-13.224014000000002,72.02476999999999,,,
7,1,-13.07895,78.12892,,,
7,1,-12.980138,84.11276,,,
7,1,-12.887107,90.09683000000001,,,
7,1,-12.776735,96.08019,,,
7,1,-12.654792,102.18529000000001,,,
7,1,-12.521298,108.16771999999999,,,
7,1,-12.422499,114.02935,,,
7,1,-12.3352585,119.89146000000001,,,
32,1,-0.10135135,2.4765344,,,
32,1,-0.5405405,2.746089,,,
32,1,-0.8108108,2.9819496,,,
32,1,-1.1148648,3.2851985,,,
32,1,-1.418919,3.5716004,,,
32,1,-1.6891892,3.8748496,,,
32,1,-2.4324324,4.6835135999999995,,,
32,1,-2.6013512999999997,4.902527,,,
32,1,-2.7702703,5.205776,,,
32,1,-3.1756756,5.8291216,,,
32,1,-3.4797297,6.3345366,,,
32,1,-3.6824324,6.705174400000001,,,
32,1,-3.8513512999999997,7.1432009999999995,,,
32,1,-4.0202703,7.530686,,,
32,1,-4.1554055,7.9350179999999995,,,
32,1,-4.2229730000000005,8.288809,,,
32,1,-4.2905407,8.575211,,,
32,1,-4.324324,8.962695,,,
32,1,-4.425676,9.282792,,,
32,1,-4.4594593,9.754513000000001,,,
32,1,-4.5270269999999995,10.31047,,,
32,1,-4.493243,10.731648,,,
32,1,-4.4594593,11.034898,,,
32,1,-4.493243,11.405536,,,
32,1,-4.5270269999999995,11.860408999999999,,,
32,1,-4.3918919999999995,12.365825,,,
32,1,-4.3581080000000005,12.635378999999999,,,
32,1,-4.324324,12.938628,,,
32,2,-5.3040543,1.0108303,,,
32,2,-5.2027025,1.3309265,,,
32,2,-5.168919,1.6173285,,,
32,2,-5.135135,1.9037304,,,
32,2,-4.932432700000001,2.0890493,,,
32,2,-4.5270269999999995,2.4428398999999996,,,
32,2,-3.8513512999999997,2.6955476000000003,,,
32,2,-3.6486487000000003,3.234657,,,
32,2,-3.4121620000000004,3.4873644999999995,,,
32,2,-3.1756756,3.7906137,,,
32,2,-3.0743244,4.0601683,,,
32,2,-3.0067568,4.329723400000001,,,
32,2,-2.9054055,4.616125,,,
32,2,-2.8716216,4.9530687,,,
32,2,-2.837838,5.205776,,,
32,2,-2.9054055,5.54272,,,
32,2,-2.9729729,5.8459687,,,
32,2,-2.9391892000000004,6.283995,,,
32,2,-2.9729729,6.55355,,,
32,2,-2.9391892000000004,7.008424000000001,,,
32,2,-3.0743244,7.412755499999999,,,
32,2,-3.1756756,7.8844767000000004,,,
32,2,-3.3108108,8.474128,,,
32,2,-3.4121620000000004,8.99639,,,
32,2,-3.5135136,9.5355,,,
32,2,-3.6148648000000003,10.091455999999999,,,
32,2,-3.7162163,10.933815,,,
32,2,-3.8851351999999997,11.742479,,,
32,2,-3.9189187999999993,12.281589,,,
32,2,-3.8513512999999997,12.904933999999999,,,
32,3,-8.074325,1.0108303,,,
32,3,-7.972973,1.5667870000000002,,,
32,3,-7.939189,1.9542718999999997,,,
32,3,-7.7364864,2.3754513,,,
32,3,-7.297297500000001,3.33574,,,
32,3,-7.060811,3.7737665000000002,,,
32,3,-6.6554055,4.4476533,,,
32,3,-6.385135,4.986763,,,
32,3,-6.0135136,5.677497,,,
32,3,-5.5405407,6.486161,,,
32,3,-5.2364864,7.075812299999999,,,
32,3,-4.932432700000001,7.7665462,,,
32,3,-4.7297297,8.305655499999999,,,
32,3,-4.560811,8.827917999999999,,,
32,3,-4.3918919999999995,9.451263,,,
32,3,-4.2229730000000005,10.158845,,,
32,3,-4.0878377,10.731648,,,
32,3,-4.0202703,11.304453,,,
32,3,-3.8851351999999997,11.8267145,,,
32,3,-3.8175676,12.298435000000001,,,
32,3,-3.75,12.955475999999999,,,
32,4,-0.4054054,0.99398315,,,
32,4,-0.4391892,1.4657040000000001,,,
32,4,-0.5067568,1.9542718999999997,,,
32,4,-1.6891892,2.4596872000000003,,,
32,4,-2.3986487000000003,2.8977137,,,
32,4,-3.2432432,3.3694344,,,
32,4,-4.189189,3.9085437999999995,,,
32,4,-5.0,4.9362216,,,
32,4,-5.135135,5.8291216,,,
32,4,-5.3378377,6.67148,,,
32,4,-5.4054055,7.429603,,,
32,4,-5.3378377,8.052947999999999,,,
32,4,-4.932432700000001,8.912154,,,
32,4,-4.932432700000001,10.024067,,,
32,4,-4.7972975,11.034898,,,
32,4,-4.4594593,12.028881,,,
32,4,-4.324324,12.938628,,,
32,5,-1.3175676,1.0276775,,,
32,5,-1.081081,1.5667870000000002,,,
32,5,-0.9459459000000001,1.9374248,,,
32,5,-1.0135136,2.3586042000000003,,,
32,5,-1.1486486,2.9314080000000002,,,
32,5,-1.3175676,3.1841154,,,
32,5,-1.7229729999999999,3.723225,,,
32,5,-1.9256756000000002,4.009627,,,
32,5,-2.162162,4.245487000000001,,,
32,5,-2.9729729,4.9362216,,,
32,5,-3.108108,5.323706,,,
32,5,-3.108108,5.677497,,,
32,5,-3.3108108,6.1492176,,,
32,5,-3.3783784,6.7388687,,,
32,5,-3.4459459999999997,7.042117999999999,,,
32,5,-3.5810812000000007,7.6823106,,,
32,5,-3.7162163,8.22142,,,
32,5,-3.8851351999999997,8.726835000000001,,,
32,5,-3.9864864,9.181708,,,
32,5,-4.1216216,9.687124,,,
32,5,-4.2229730000000005,10.175692,,,
32,5,-4.3581080000000005,10.596871,,,
32,5,-4.425676,11.102286,,,
32,5,-4.5270269999999995,11.607700999999999,,,
32,5,-4.425676,12.09627,,,
32,5,-4.3581080000000005,12.584838000000001,,,
32,5,-4.324324,12.904933999999999,,,
33,1,-6.8157454,-0.0379545,,,
33,1,-2.3663247000000003,3.5559663999999995,,,
33,1,-0.48968127,7.6829863,,,
33,1,-0.06491632,11.69496,,,
33,2,0.0,-0.056576699999999994,,,
33,2,-0.07630789,3.6439483,,,
33,2,0.013420201000000001,7.627198700000001,,,
33,2,-0.17664729,11.694801,,,
33,3,-7.6376479999999995,-0.0701643,,,
33,3,-5.2740884,2.403203,,,
33,3,-2.3949529999999997,6.427475,,,
33,3,-1.1645738,10.470275,,,
33,4,-0.07606858,0.8838879000000001,,,
33,4,-0.4950495,2.4572692000000003,,,
33,4,-2.615914,6.4815407,,,
33,4,-1.7688965,10.466933000000001,,,
33,5,-7.996417999999999,0.01276564,,,
33,5,-6.963641,2.0702806000000002,,,
33,5,-2.912212,6.105653299999999,,,
33,5,-0.6250591,10.082201,,,
33,6,0.034466445,2.8332574,,,
33,6,-1.2576197,6.080939,,,
33,6,-1.3423667,10.13643,,,
34,1,-11.110562,4.0938263,,,
34,1,-6.6074595,16.626198000000002,,,
34,1,-5.3636503,29.246979,,,
34,1,-3.320321,54.087112,,,
34,2,-9.248301,4.540996,,,
34,2,-5.718806,17.23551,,,
34,2,-4.919435,29.841955,,,
34,2,-4.03541,42.45113,,,
35,1,-2.4,0.5,,,
35,1,-1.5,10.0,,,
35,1,0.0,20.0,,,
35,1,-0.7,60.0,,,
35,2,-0.40473554,23.622913,,,
35,2,-0.07081392,38.24023,,,
35,2,-0.06766786,54.64309300000001,,,
35,2,-0.08971225,70.116936,,,
35,2,-0.13946834,175.9797,,,
35,3,-9.141199,1.2123197000000001,,,
35,3,-6.495844,5.4484205,,,
35,3,-3.8747168,10.393749,,,
35,3,-3.4629467000000003,15.378983999999999,,,
35,3,-0.9815098,20.4377,,,
35,3,-1.7068936999999997,40.649452000000004,,,
35,3,-1.1293663,60.434067000000006,,,
35,3,-0.48656365,100.4585,,,
35,3,-0.2,250.0,,,
35,4,-0.44316325,70.006,,,
35,4,-0.20454586,85.54066999999999,,,
35,4,-0.08253621,100.11331,,,
35,4,-0.08551534,114.81703999999999,,,
35,4,-0.09277472,129.01865,,,
35,4,-0.10616285,145.87527,,,
35,4,-0.11121480000000002,161.11444,,,
35,4,-0.13748856,175.94037,,,
35,4,-0.14258538,190.6552,,,
35,4,-0.14344682,205.34781999999998,,,
35,4,-0.15061647,220.5981,,,
35,4,-0.16841945,235.3796,,,
35,4,-0.18825039999999998,251.22087000000002,,,
35,4,-0.19803126,260.71454,,,
35,4,-0.20569444,270.19707999999997,,,
35,4,-0.20051686,281.18597,,,
35,4,-0.20394465,290.6463,,,
35,4,-0.22219629999999999,300.18442000000005,,,
35,4,-0.22346154,310.15796,,,
35,4,-0.23319754,320.17596000000003,,,
35,5,-0.01305119,9.3875065,,,
35,5,-0.02003102,25.071913000000002,,,
35,5,-0.03964104,40.723267,,,
35,5,-0.04238866,55.89533,,,
35,5,-0.04932417,70.533005,,,
35,5,-0.06029249,80.97275,,,
35,5,-0.09098161,109.68066999999999,,,
35,5,-0.10281409,140.53163,,,
35,5,-0.12308885,171.88391000000001,,,
35,5,-0.17267893,199.49553,,,
35,5,-0.19711943,229.79007000000001,,,
35,5,-0.21947707,260.61346000000003,,,
35,6,-1.4634542,0.60359955,,,
35,6,-1.9977697,0.769469,,,
35,6,-2.64914,0.7089025999999999,,,
35,6,-3.1357415,1.225782,,,
35,6,-3.5999055,1.503837,,,
35,6,-3.6916837999999994,1.8672357,,,
35,6,-3.5036663999999997,2.4426167000000003,,,
35,6,-2.9657013,3.342166,,,
35,6,-1.7506843,5.0104957,,,
35,6,-1.0067245999999999,4.9444230000000005,,,
35,6,-0.44875479999999995,4.894869,,,
35,6,-0.1889636,6.055955,,,
35,6,-0.09150813,7.349874499999999,,,
35,6,-0.03771162,9.476583,,,
35,6,-0.030412599999999998,11.607419,,,
35,6,0.000541,13.854571,,,
35,6,-0.01459805,16.224234,,,
35,6,0.03919846,18.350939999999998,,,
35,6,-0.02608725,19.659313,,,
36,1,-0.18019067,1.5270268,,,
36,1,-3.650179,4.5759754,,,
36,1,-4.084225,5.3110485,,,
36,1,-4.8257155,7.8218190000000005,,,
36,1,-4.2162447,10.705959,,,
36,1,-3.8869905,13.308614000000002,,,
36,1,-3.71135,16.670406,,,
36,1,-3.4333002999999995,19.526106,,,
36,1,-3.4600940000000002,21.068447,,,
36,1,-3.3598516000000003,23.136570000000003,,,
36,1,-3.2090549999999998,25.72391,,,
36,1,-3.0079203,29.08789,,,
36,1,-2.1513104,41.261078000000005,,,
36,1,-1.2463127,56.5277,,,
36,1,-0.56599367,66.11135999999999,,,
36,1,-0.3160378,72.05393000000001,,,
36,2,-6.099081,7.6255619999999995,,,
36,2,-4.280476599999999,9.561078,,,
36,2,-2.2790247999999997,34.66847,,,
36,2,-1.5330073,49.49075,,,
36,2,-1.2124739,59.187626,,,
36,2,-1.2927847,64.52459,,,
36,3,-3.3096411,7.547745699999999,,,
36,3,-3.0557689999999997,11.395616,,,
36,3,-2.0626495,37.325066,,,
36,3,-1.1218666000000002,56.83080699999999,,,
36,3,-0.10651980000000001,71.708275,,,
36,3,-0.5081705,82.00007,,,
36,3,-0.3802757,87.393585,,,
36,4,-8.422307,9.830143,,,
36,4,-5.170569400000001,23.753505999999998,,,
36,4,-4.0832143,34.401855,,,
36,4,-3.0507472,49.679417,,,
36,5,-6.507168,11.916862,,,
36,5,-4.6446095000000005,21.744537,,,
36,5,-3.012971,35.624077,,,
36,5,-2.3344827,40.51647,,,
36,5,-2.1851513,43.32826,,,
36,6,-4.3965693,8.0928,,,
36,6,-3.6625769999999997,11.155936,,,
36,7,-5.161411,4.905976,,,
36,7,-5.6170735,5.6307225,,,
36,7,-1.9849776999999997,15.608494,,,
36,7,-1.6884453000000001,23.776545000000002,,,
36,7,-1.693771,30.137729999999998,,,
36,7,-1.7490157,35.731285,,,
36,7,-2.0538561,37.486686999999996,,,
37,1,-2.38,10.0,,,
37,2,-2.32,10.0,,,
38,1,-5.036964,7.820479400000001,,,
38,1,-5.73926,10.257302000000001,,,
38,1,-6.2137199999999995,18.527732999999998,,,
38,1,-6.378248999999999,27.344109000000003,,,
38,1,-6.4672523,35.9552,,,
38,1,-6.526105,44.171479999999995,,,
38,1,-6.4715347,52.763866,,,
38,1,-6.4774923,60.97325,,,
38,1,-6.3246875,69.55284,,,
38,1,-6.262599,77.9488,,,
38,1,-6.0343056,86.12767,,,
38,1,-5.873754,95.68346,,,
38,1,-5.713469,103.871185,,,
38,1,-5.439760700000001,112.43502,,,
38,2,-8.022422,4.886938,,,
38,2,-6.4797955,10.35379,,,
38,2,-6.236389,18.530685000000002,,,
38,2,-6.2044120000000005,27.516901,,,
38,2,-6.580675599999999,35.579094,,,
38,2,-6.631858,44.380703000000004,,,
38,2,-6.539505,52.968166000000004,,,
38,2,-6.583283,60.987038,,,
38,2,-6.422846,69.95651,,,
38,2,-6.307862,78.34559,,,
38,2,-6.155057,86.92517,,,
38,2,-5.9946957,95.50378,,,
38,2,-5.819222,104.08041,,,
38,2,-5.5455894,112.25336499999999,,,
39,1,-1.7087303,10.717153,,,
39,1,-1.1104587,17.326732999999997,,,
39,1,-0.92233545,22.491301999999997,,,
39,1,-0.576335,27.722772999999997,,,
39,1,-0.32506093,32.9141,,,
39,1,-0.517505,44.273483,,,
39,1,-0.51949924,51.89992,,,
39,1,-1.5362287000000001,75.62215400000001,,,
39,1,-2.8078882999999997,108.13486499999999,,,
39,2,-3.9554699999999996,14.596793,,,
39,2,-2.6864647999999995,18.764457999999998,,,
39,2,-1.9248598999999997,20.26003,,,
39,2,-1.3854632,21.68581,,,
39,2,-1.0682749,23.041795999999998,,,
39,2,-0.84682244,26.880434,,,
39,2,-0.75234616,30.679190000000002,,,
39,2,-0.94331425,33.13193,,,
39,2,-1.1660264,35.5747,,,
39,2,-1.3572463,39.283722,,,
39,2,-1.5484663,42.992740000000005,,,
39,2,-1.7396863999999999,46.701763,,,
39,2,-1.9314102,52.923347,,,
39,2,-2.0913901000000004,59.1549,,,
39,2,-2.2198777,66.65271,,,
39,2,-2.3163695,72.904205,,,
39,2,-2.3811173,79.16566999999999,,,
39,3,-3.7015178,14.676557999999998,,,
39,3,-2.210808,21.426576999999998,,,
39,3,-1.9901115000000003,29.034059999999997,,,
39,3,-2.024123,40.33062,,,
39,3,-2.1856142999999997,54.099865,,,
39,3,-3.1737102999999998,73.89128000000001,,,
39,3,-4.066574,93.71261,,,
39,3,-4.515022,113.67352,,,
39,3,-4.9002333,134.91066,,,
39,3,-5.030988,153.715,,,
39,3,-4.8770546999999995,177.6342,,,
39,3,-4.564653400000001,202.85953999999998,,,
39,4,-3.142857,7.594937,,,
39,4,-3.7100839999999997,17.72152,,,
39,4,-4.245798000000001,29.113924,,,
39,4,-5.1281514,48.101265000000005,,,
39,4,-5.663865599999999,64.55696,,,
39,4,-6.357143,83.544304,,,
39,4,-6.829832000000001,94.93670999999999,,,
39,4,-7.1134452999999995,108.86075600000001,,,
39,4,-7.365546000000001,121.51898999999999,,,
39,4,-7.743697599999999,131.64557,,,
39,4,-7.995798,150.6329,,,
39,4,-8.027311,167.08861000000002,,,
39,4,-7.995798,188.60759,,,
39,4,-7.712185000000001,212.65822999999997,,,
39,4,-7.2079830000000005,236.70886000000002,,,
39,4,-6.766806599999999,258.22784,,,
39,4,-6.420168,274.68352999999996,,,
39,4,-5.7584032999999994,298.7342,,,
39,4,-5.191176400000001,324.05062999999996,,,
39,4,-4.686975,350.6329,,,
39,4,-4.1512604,377.21518,,,
39,4,-3.7100839999999997,407.59494,,,
39,4,-3.2373950000000002,443.03795999999994,,,
39,4,-2.9852939999999997,472.1519,,,
39,4,-2.7962184,502.53165,,,
39,4,-2.5126049999999998,522.7848,,,
39,4,-1.9768907999999998,536.70886,,,
39,4,-1.6302521,558.22784,,,
39,5,-12.035306,17.402866,,,
39,5,-11.046736,20.364193,,,
39,5,-10.377616999999999,24.461372,,,
39,5,-10.317188999999999,37.199135,,,
39,5,-10.160009,46.16425,,,
39,5,-10.03508,56.38691,,,
39,5,-9.814756,67.92121,,,
39,5,-9.564218499999999,85.824394,,,
39,5,-9.375127,94.80303,,,
39,6,-7.71875,7.5376883,,,
39,6,-7.03125,10.050251,,,
39,6,-6.34375,12.562814,,,
39,6,-6.03125,16.331657,,,
39,6,-5.75,20.100502,,,
39,6,-5.375,22.613066,,,
39,6,-5.03125,35.17588,,,
39,6,-5.21875,46.482409999999994,,,
39,6,-5.6875,54.0201,,,
39,6,-6.03125,65.32663000000001,,,
39,6,-6.40625,76.63316,,,
39,6,-6.6875,84.17085,,,
39,6,-6.9375,94.22111,,,
39,6,-7.21875,104.271355,,,
39,6,-7.375,118.09045400000001,,,
39,6,-7.46875,130.65326000000002,,,
39,6,-7.46875,146.98492,,,
39,6,-7.34375,162.0603,,,
39,6,-7.21875,174.62312,,,
39,6,-7.09375,187.18593,,,
39,7,-3.125,6.355932,,,
39,7,-2.075,13.983051000000001,,,
39,7,-1.475,15.254237,,,
39,7,-0.9125,17.79661,,,
39,7,-0.725,25.423729,,,
39,7,-1.1,34.322033000000005,,,
39,7,-1.55,44.491524,,,
39,7,-1.8875,55.932205,,,
39,7,-2.225,63.559321999999995,,,
39,7,-2.6375,81.35593399999999,,,
39,8,-11.678401,28.852715999999997,,,
39,8,-11.365507000000001,50.374237,,,
39,8,-10.800508,73.20389,,,
39,8,-10.550248,90.92615500000001,,,
39,8,-10.300274,111.173676,,,
39,8,-10.0503,131.42119,,,
39,8,-9.831856,151.66302,,,
39,8,-9.55035,171.91623,,,
39,8,-9.300233,190.90112,,,
39,8,-9.018728,211.15434,,,
39,8,-8.705549000000001,230.1506,,,
39,8,-8.424328,252.92906000000002,,,
39,8,-8.173927,269.3887,,,
39,8,-7.955909700000001,293.41843,,,
39,8,-7.674262,312.409,,,
39,8,-7.4242873,332.65652,,,
39,8,-7.268621400000001,350.36172,,,
39,8,-7.081850500000001,371.8605,,,
39,8,-6.800345,392.1137,,,
39,8,-6.644963000000001,412.34418,,,
39,8,-6.457908,431.3177,,,
39,8,-6.365304,449.0115,,,
39,8,-6.178675,471.77292,,,
39,9,-12.62376,23.631586,,,
39,9,-12.373075,37.565975,,,
39,9,-12.406168,51.449177,,,
39,9,-12.31328,66.61775,,,
39,9,-12.188435,78.00414,,,
39,9,-11.875966,103.31354,,,
39,9,-11.751689,119.75043500000001,,,
39,9,-11.407122,140.01501000000002,,,
39,9,-11.346048,157.70316,,,
39,10,-9.252253,13.844394,,,
39,10,-9.441442,20.1373,,,
39,10,-9.662162,28.947369000000002,,,
39,10,-9.599099,41.53318,,,
39,10,-9.378378,62.92906,,,
39,10,-9.346847,72.99771,,,
39,10,-9.472973,90.61785,,,
39,10,-9.662162,101.94508,,,
39,10,-9.851352,118.30663,,,
39,10,-10.040541000000001,134.6682,,,
39,10,-10.22973,152.28833,,,
39,10,-10.324325,183.75285,,,
39,10,-10.387387,201.373,,,
39,10,-10.261261,224.02747000000002,,,
39,10,-10.261261,245.42334,,,
39,10,-10.22973,261.7849,,,
39,10,-10.198198,289.4737,,,
39,10,-10.135135,317.16247999999996,,,
39,10,-10.103603,342.3341,,,
39,10,-10.072072,362.4714,,,
39,10,-10.040541000000001,383.86728,,,
39,10,-9.977477,402.746,,,
39,10,-9.977477,421.62473,,,
39,10,-9.851352,439.24484,,,
39,10,-9.851352,469.4508,,,
39,11,-11.680181,8.810069,,,
39,11,-12.027027,15.102975,,,
39,11,-12.247747,21.395882,,,
39,11,-12.184685,30.20595,,,
39,11,-12.121622,39.016018,,,
39,11,-11.932432,49.084666999999996,,,
39,11,-11.711712,57.894737,,,
39,11,-11.459458999999999,69.22197,,,
39,11,-11.333333,80.5492,,,
39,11,-11.144144,93.13501,,,
39,11,-11.144144,99.42792,,,
39,12,-7.165354300000001,11.402027,,,
39,12,-9.039371000000001,20.27027,,,
39,12,-10.775591,40.54054,,,
39,12,-11.381889,59.54391999999999,,,
39,12,-12.153542999999999,79.81418599999999,,,
39,12,-12.870078999999999,100.08445999999999,,,
39,12,-13.393701,119.08783999999999,,,
39,12,-13.696851,139.35811,,,
39,12,-13.834645000000002,159.62837,,,
39,12,-13.834645000000002,187.5,,,
39,12,-13.724409,211.57095,,,
39,12,-13.641732000000001,231.84122000000002,,,
39,12,-13.4763775,247.04391,,,
39,12,-13.200788000000001,276.18242999999995,,,
39,12,-12.952755999999999,305.32095,,,
39,12,-12.622047,335.72635,,,
39,12,-12.26378,363.59796,,,
39,12,-11.933071,396.53717,,,
39,12,-11.574803,425.6757,,,
39,12,-11.216536,445.94595,,,
39,12,-10.803149000000001,472.5507,,,
39,12,-10.307087,499.1554,,,
39,12,-9.948819,525.76013,,,
39,13,-12.098425,108.95270500000001,,,
39,13,-12.429133,116.55405400000001,,,
39,13,-12.8149605,131.75676,,,
39,13,-13.145669,146.95946,,,
39,13,-13.283464000000002,160.89526,,,
39,13,-13.393701,178.63176,,,
39,13,-13.366141,201.4358,,,
39,13,-13.283464000000002,234.375,,,
39,13,-13.145669,257.17905,,,
39,13,-12.8149605,287.58447,,,
39,13,-12.511811,317.98987,,,
39,13,-12.181103,348.39526,,,
39,13,-11.795276,380.06757000000005,,,
39,13,-11.381889,414.27365,,,
39,13,-10.996063000000001,445.94595,,,
39,13,-10.720472000000001,470.0169,,,
39,13,-10.251968,510.55742999999995,,,
39,13,-9.838583,544.7635,,,
39,13,-9.34252,580.2365,,,
39,13,-8.76378,628.3783599999999,,,
39,13,-8.074803,676.52026,,,
39,13,-7.4960628,719.5946,,,
39,13,-7.1377954,742.3986,,,
39,14,-7.755319,5.063291,,,
39,14,-6.893617,10.126582,,,
39,14,-6.606383,17.72152,,,
39,14,-6.606383,29.113924,,,
39,14,-6.542553400000001,45.569621999999995,,,
39,14,-6.606383,59.493669999999995,,,
39,14,-6.8297873,65.822784,,,
39,14,-7.117021,77.21519,,,
39,14,-7.819149,86.07595,,,
39,14,-8.585107,105.06329,,,
39,14,-9.223403999999999,120.25317,,,
39,14,-9.702127,132.91138999999998,,,
39,14,-10.404255000000001,148.10127,,,
39,14,-10.75532,164.55696,,,
39,14,-11.042553,178.48102,,,
39,14,-11.234042,194.9367,,,
39,14,-11.489362,220.25316,,,
39,14,-11.425532,240.50633,,,
39,14,-11.234042,264.55697999999995,,,
39,14,-11.042553,286.07596,,,
39,14,-10.787234,311.3924,,,
40,1,-4.1385765,4.3130945999999994,,,
40,1,-4.2569084,4.8632865,,,
40,1,-4.3752885,5.32909,,,
40,1,-4.5615597,5.627071,,,
40,1,-4.79018,5.967842,,,
40,1,-5.07817,6.225059,,,
40,1,-5.323882599999999,6.3129040000000005,,,
40,1,-5.552551,6.5692863,,,
40,1,-5.7980480000000005,7.036878,,,
40,1,-5.984128500000001,7.672412,,,
40,1,-6.085439,8.348948,,,
40,1,-6.135927,8.982574000000001,,,
40,1,-6.152565,9.531336,,,
40,1,-6.1013827,10.121338,,,
40,1,-5.9567657,11.089775999999999,,,
40,1,-5.633657,12.98398,,,
40,1,-5.225468,15.4677105,,,
40,1,-4.9364014,17.109228,,,
40,1,-4.749363400000001,18.161457000000002,,,
40,1,-4.5282364,19.550764,,,
40,1,-4.2813983,21.446041,,,
40,1,-4.0515814,23.214975,,,
40,1,-3.9323156000000004,24.310351999999998,,,
40,2,-4.3771796,1.9957566999999998,,,
40,2,-4.5884914000000006,2.9692006,,,
40,2,-4.833558,4.196286,,,
40,2,-5.002521499999999,5.12694,,,
40,2,-5.1290884000000005,6.0991917,,,
40,2,-5.204928400000001,6.8597584000000005,,,
40,2,-5.263818700000001,7.620086,,,
40,2,-5.288787999999999,8.422132000000001,,,
40,2,-5.2967596,9.308327,,,
40,2,-5.270809,10.236239,,,
40,2,-5.2194114,11.205988,,,
40,2,-5.1255692999999996,12.3017235,,,
40,2,-4.997686,13.6501465,,,
40,2,-4.8357844000000005,15.209064000000001,,,
40,2,-4.571806,17.441656,,,
40,2,-4.265215400000001,20.095592,,,
40,2,-4.0097594,22.243916,,,
40,2,-3.7967474,24.266253,,,
40,3,-4.1737193999999995,2.1194785,,,
40,3,-4.147817,2.9630027,,,
40,3,-4.037433,3.3412,,,
40,3,-3.901793,3.4236809999999998,,,
40,3,-3.698285,3.6317909,,,
40,3,-3.5794744,3.9254808,,,
40,3,-3.5284598,4.2201242,,,
40,3,-3.536695,4.6421847000000005,,,
40,3,-3.5957532,5.107154,,,
40,3,-3.6887574,5.488212,,,
40,3,-3.9172099,6.1243415,,,
40,3,-4.1456146,6.844859,,,
40,3,-4.4756417,7.6933894,,,
40,3,-4.678647,8.371356,,,
40,3,-4.8223066,9.090681,,,
40,3,-4.8897676,9.682352,,,
40,3,-4.914832,10.315621,,,
40,3,-4.9058547,11.201578,,,
40,3,-4.854385400000001,12.29791,,,
40,3,-4.7944174,13.436316,,,
40,3,-4.692053,14.616320000000002,,,
40,3,-4.5726914,15.880474,,,
40,3,-4.4533059999999995,17.186823,,,
40,3,-4.2914767,18.619156,,,
40,3,-4.146644,19.96734,,,
41,1,-1.6567560000000001,0.95925003,,,
41,1,-6.2383833,3.1669433,,,
41,1,-12.42706,5.2002907,,,
41,1,-13.452316,6.8524284,,,
41,1,-13.162754000000001,8.674762,,,
41,1,-12.872746000000001,10.194064,,,
41,1,-12.484439,11.108689,,,
41,1,-12.145947999999999,12.780199,,,
41,1,-11.904869,14.450325,,,
41,1,-11.858388,15.966168,,,
41,1,-11.7640915,18.088764,,,
41,1,-11.774766,25.361492000000002,,,
41,1,-11.781883,30.209976,,,
41,1,-11.740072,34.90764,,,
41,1,-11.747856,40.210667,,,
41,2,-2.8700907000000004,0.90771556,,,
41,2,-3.9577038,1.9667171,,,
41,2,-6.5921449999999995,3.9334342,,,
41,2,-7.6072507,5.9001513,,,
41,2,-7.6072507,7.564296700000001,,,
41,2,-7.244713000000001,9.833586,,,
41,2,-6.858006,10.590015,,,
41,2,-6.495468,12.405446000000001,,,
41,2,-6.302115000000001,15.128592999999999,,,
41,2,-6.1812687,19.818457000000002,,,
41,2,-7.0030212,30.1059,,,
41,2,-7.6797580000000005,39.7882,,,
41,2,-8.283988,49.92436,,,
41,2,-8.187311,60.2118,,,
41,3,-5.4879727,0.7244969,,,
41,3,-7.3179164000000005,1.8274346999999997,,,
41,3,-8.309198,2.5260236000000003,,,
41,3,-9.072016,3.5419848,,,
41,3,-9.621333,4.419153,,,
41,3,-9.8049965,5.6220217,,,
41,3,-9.607391,6.5445294,,,
41,3,-9.3184185,7.624335,,,
41,3,-8.937892999999999,8.557946000000001,,,
41,3,-8.572796,9.794125,,,
41,3,-8.268487,10.723109,,,
41,3,-7.9649220000000005,12.866064999999999,,,
41,3,-7.7831173,14.698126,,,
41,3,-7.801521000000001,19.856579999999997,,,
41,3,-7.911384,25.009483,,,
41,3,-7.9906683,30.012490999999997,,,
41,3,-8.0698595,34.86375,,,
41,3,-8.179537,39.713159999999995,,,
41,3,-8.24367,44.868840000000006,,,
41,3,-8.292561,50.025444,,,
41,3,-8.341265,54.878555000000006,,,
41,3,-8.359575,59.885265000000004,,,
41,3,-8.393037,64.7393,,,
41,3,-8.396382000000001,70.20217,,,
41,3,-8.35372,75.212585,,,
41,3,-8.310871,79.9195,,,
41,3,-8.222571,85.084435,,,
41,3,-8.286612,90.08836,,,
41,3,-8.1505375,91.91765,,,
41,4,-4.399776,0.6147682,,,
41,4,-4.3809333,2.4297326,,,
41,4,-6.5254864999999995,4.9043922,,,
41,4,-8.069054,10.087058,,,
41,4,-7.758147200000001,15.071677,,,
41,4,-7.665421,20.061798,,,
41,4,-7.500078,24.747515,,,
41,4,-7.770929300000001,29.898088,,,
41,4,-8.258142,40.046577,,,
41,4,-8.654558,49.890205,,,
41,4,-8.996263,60.18631,,,
41,4,-9.065847999999999,68.8114,,,
10,1,-13.34586,16.492539999999998,,,
10,1,-13.2704935,27.481033,,,
10,1,-13.112701999999999,35.964714,,,
10,1,-13.0014305,41.264023,,,
10,1,-12.843752,49.037643,,,
10,1,-12.686188000000001,56.10120799999999,,,
10,1,-12.584174,61.047665,,,
10,2,-13.185976,16.725979000000002,,,
10,2,-13.387196,25.266904999999998,,,
10,2,-13.323170999999999,45.907475,,,
10,2,-13.030488,65.83629599999999,,,
10,2,-12.801829,79.7153,,,
10,2,-12.618902,90.03558000000001,,,
10,2,-12.5,96.441284,,,
10,2,-12.417683,101.423485,,,
46,1,-1.4901961000000001,0.8627450999999999,,,
46,1,-4.0784316,1.9607843,,,
46,1,-6.980392,4.0784316,,,
46,1,-8.862745,6.117647,,,
46,1,-9.6470585,8.156863000000001,,,
46,1,-9.803922,10.196078,,,
46,1,-9.725491,12.156863000000001,,,
46,1,-9.6470585,14.431373,,,
46,2,-7.4615383,1.7692307,,,
46,2,-9.538461999999999,2.9230769,,,
46,2,-12.307692999999999,5.1538463,,,
46,2,-13.076922999999999,7.3076925,,,
46,2,-13.307692999999999,9.153846000000001,,,
46,2,-13.153846,11.230769,,,
46,2,-12.923077000000001,13.230769,,,
46,3,-6.6813273,0.6490975999999999,,,
46,3,-9.162835000000001,1.316653,,,
46,3,-10.741703,1.7134947,,,
46,3,-11.797281,2.285685,,,
46,3,-12.332567,3.3408531999999997,,,
46,3,-13.926429999999998,5.275840799999999,,,
46,3,-14.397241000000001,7.410787599999999,,,
46,3,-13.90094,10.354799,,,
46,3,-13.917432999999999,12.04676,,,
46,3,-13.661036,16.519688000000002,,,
46,3,-13.406137,21.146431,,,
46,3,-13.308677,26.536095,,,
46,3,-13.055278,31.316652,,,
46,3,-12.860356,34.402172,,,
46,4,-7.872721,0.14849187,,,
46,4,-9.287885000000001,1.0564579,,,
46,4,-11.369829,1.638051,,,
46,4,-13.229759,2.3805103,,,
46,4,-15.090423999999999,3.2791957999999997,,,
46,4,-16.212263,4.9744779999999995,,,
46,4,-16.368848999999997,6.689868499999999,,,
46,4,-16.08361,9.195669,,,
46,4,-15.870417999999999,11.231245,,,
46,4,-15.808665,13.888631,,,
46,4,-15.746178,16.389791,,,
46,4,-15.610909,19.20495,,,
46,4,-15.474172,21.707657,,,
46,4,-15.418301000000001,25.61485,,,
46,5,-3.9736922,5.0158014,,,
46,5,-4.1587442999999995,6.106971700000001,,,
46,5,-4.5451293,6.9010929999999995,,,
46,5,-5.024624299999999,7.23755,,,
46,5,-5.395536,8.030775,,,
46,5,-5.673787,8.509935,,,
46,5,-5.828252,8.98193,,,
46,5,-5.8894267,10.220282000000001,,,
46,5,-5.7490892,12.064374,,,
46,5,-5.5160007,13.748747,,,
46,5,-4.926397,16.492943,,,
46,5,-4.413621,20.167696,,,
46,5,-3.838682,24.301903,,,
46,5,-3.3403017999999998,29.829702,,,
46,5,-2.9818105999999998,34.285140000000006,,,
46,5,-2.622601,39.97535,,,
46,5,-2.3247461,46.595215,,,
46,5,-2.0260832,54.6042,,,
46,5,-1.8207991999999997,61.69248,,,
46,5,-1.5058548,71.089676,,,
46,5,-1.2689956,79.25659,,,
46,5,-1.094838,86.037964,,,
46,6,-4.4230485,3.9613516000000004,,,
46,6,-4.979461,5.0740169999999996,,,
46,6,-5.628803700000001,6.03771,,,
46,6,-6.24711,7.153958,,,
46,6,-6.7415395,8.417387,,,
46,6,-7.173537,10.603311,,,
46,6,-7.327192999999999,12.46442,,,
46,6,-7.403123,14.9384365,,,
46,6,-7.23112,18.015507,,,
46,6,-6.966816000000001,20.161127,,,
46,6,-6.485346,23.220285,,,
46,6,-5.630898999999999,29.036178999999997,,,
46,6,-5.350403,32.415672,,,
46,6,-5.0540743,36.411654999999996,,,
46,6,-4.710068700000001,42.565796,,,
46,6,-4.5224133,45.950665,,,
46,6,-4.19424,51.488316,,,
46,6,-3.7413824,58.562263,,,
46,6,-3.3039977999999994,65.63710999999999,,,
46,6,-2.8824457999999997,72.09546999999999,,,
46,6,-2.4914813,79.173,,,
46,6,-2.1319127,85.48059,,,
46,6,-1.8509679,89.63181,,,
46,6,-1.4761951,95.47547,,,
46,6,-1.1010633,101.936516,,,
46,7,-4.175205,4.41006,,,
46,7,-4.3604364,5.1925383,,,
46,7,-4.6541615,5.672593599999999,,,
46,7,-5.118003,6.316847,,,
46,7,-5.458058,6.953935,,,
46,7,-5.998997,8.065704,,,
46,7,-6.2614160000000005,9.161353,,,
46,7,-6.4777737,9.63693,,,
46,7,-6.802086,10.736161,,,
46,7,-6.956281,11.671194,,,
46,7,-7.0017133000000005,13.371689000000002,,,
46,7,-6.861644999999999,14.752744,,,
46,7,-6.520423,16.122154000000002,,,
46,7,-6.163907,17.181978,,,
46,7,-5.838068499999999,18.70663,,,
46,7,-5.464912,21.772057999999998,,,
46,7,-5.076192,24.990935999999998,,,
46,7,-4.671101,29.75238,,,
46,7,-4.249998000000001,35.439007000000004,,,
46,7,-3.6411495000000005,44.664845,,,
46,7,-3.2349813,51.278442,,,
46,7,-2.7814949,59.432809999999996,,,
46,7,-2.5144072,66.36317,,,
46,7,-2.2152952999999997,75.143875,,,
46,7,-1.9470404,84.08073,,,
46,7,-1.8522248,87.47097,,,
46,7,-1.7221528000000002,98.26803000000001,,,
46,7,-1.6091703000000002,106.28776,,,
47,1,-18.49802,9.596076,,,
47,1,-18.307772,18.932333,,,
47,1,-18.379465,29.405298,,,
47,1,-18.22818,33.930923,,,
47,1,-18.076454000000002,39.871635,,,
47,1,-18.00011,44.398590000000006,,,
47,1,-17.886206,49.207893,,,
47,1,-17.847157,54.30154399999999,,,
47,1,-17.695606,59.676219999999994,,,
47,1,-17.581789999999998,64.20251,,,
47,1,-17.50527,69.29549399999999,,,
47,1,-17.428663,74.6715,,,
47,1,-17.31467,79.763824,,,
47,1,-17.23824,84.57379,,,
47,1,-17.010256,94.75844000000001,,,
47,1,-16.632654000000002,104.09138,,,
47,2,-6.734909,0.8974366,,,
47,2,-6.132748,9.377350999999999,,,
47,2,-6.092294,18.999277,,,
47,2,-6.4644547,27.213406,,,
47,2,-6.611616000000001,35.989594,,,
47,2,-6.608720299999999,45.329166,,,
47,2,-6.4935007,54.38373000000001,,,
47,2,-6.490956,62.591232,,,
47,2,-6.300883,71.36146,,,
47,2,-6.186102,79.00093000000001,,,
47,2,-5.9589095,86.63842,,,
47,2,-5.881599400000001,94.278564,,,
47,2,-5.728470300000001,104.74755,,,
47,2,-5.50119,112.66806000000001,,,
48,1,-8.623205,0.9047540000000001,,,
48,1,-10.885796000000001,6.0075517,,,
48,1,-10.506253,11.008355,,,
48,1,-10.732208,16.02117,,,
48,1,-11.187484,21.08812,,,
48,1,-11.771231,26.10803,,,
48,1,-12.143972,31.123755,,,
48,1,-12.416034,35.79037,,,
50,1,-0.46925372,4.854369,,,
50,1,-0.23462686,14.886731,,,
50,1,-0.24,24.919094,,,
50,1,-0.24358208,34.951458,,,
50,1,-0.24537313,37.378640000000004,,,
50,1,-0.24716417,39.967636,,,
50,1,-0.24716417,42.718445,,,
50,1,-0.24895522,44.012943,,,
50,1,-0.25074628,44.983818,,,
50,2,-1.2391969999999999,2.424629,,,
50,2,-0.7931738,12.49884,,,
50,2,-0.534488,17.408396,,,
50,2,-0.37967449999999997,21.360737,,,
50,2,-0.49005154,22.433905,,,
50,3,-3.0441866,3.9647769999999998,,,
50,3,-3.3261108,24.116386,,,
50,3,-3.0851748,43.65299,,,
50,3,-2.8812714,60.464592,,,
50,3,-2.64056,78.17709,,,
50,3,-2.409191,94.5243,,,
50,3,-2.1873883999999997,107.68211000000001,,,
50,3,-1.965081,124.94417,,,
50,3,-1.8817297,131.30344,,,
51,1,-12.49595,9.128630000000001,,,
51,1,-12.138474,18.402742,,,
51,1,-11.588196,27.988390000000003,,,
51,1,-11.615592,38.2412,,,
51,1,-11.482588,48.166306,,,
51,1,-11.316738,59.691715,,,
51,1,-11.312909,68.02093,,,
51,1,-11.11554,78.26345,,,
51,1,-11.239264,88.52067,,,
51,1,-11.10626,98.44578,,,
51,1,-10.973109,108.69124,,,
51,1,-11.129385000000001,117.98886,,,
51,1,-10.996234,128.23433,,,
51,1,-10.766607,138.79573,,,
51,1,-10.473203999999999,148.39314,,,
51,2,-11.373151,6.8347163,,,
51,2,-11.5951185,12.931736,,,
51,2,-11.14161,21.56073,,,
51,2,-10.39455,40.107483,,,
51,2,-9.839705,59.62412,,,
51,2,-9.766649000000001,78.842445,,,
51,2,-9.757959,97.74335,,,
51,2,-9.974182,116.33418999999999,,,
51,2,-10.029416000000001,135.87874,,,
51,2,-9.828217,154.45049,,,
51,2,-9.658978999999999,173.34403999999998,,,
51,2,-9.168501,192.54326,,,
51,2,-8.035833,211.71309,,,
51,2,-6.517853700000001,230.86527999999998,,,
51,2,-5.06424,249.70006,,,
51,2,-3.5464072,268.5319,,,
51,3,-13.877979999999999,6.3086294999999994,,,
51,3,-14.80768,9.554789999999999,,,
51,3,-14.2926035,12.414466000000001,,,
51,3,-13.546428,29.039095,,,
51,3,-13.090121,43.75482,,,
51,3,-12.5694475,58.787964,,,
51,3,-12.401978,73.83726999999999,,,
51,3,-12.1060705,88.8807,,,
51,3,-11.810016000000001,104.244484,,,
51,3,-11.514109,119.28792,,,
51,3,-11.153982000000001,134.3284,,,
51,3,-10.665419,149.36302,,,
51,3,-10.016455,164.06993,,,
51,3,-9.142725,178.76656,,,
51,3,-8.332919,194.10683,,,
51,3,-7.4911520000000005,209.12527,,,
52,1,0.0,10.0,,,
54,1,-3.380035,1.6985137,,,
54,1,-4.395797,3.821656,,,
54,1,-4.5534153,5.5201697,,,
54,1,-4.2294220000000005,11.040339,,,
54,1,-3.0035026,15.286624,,,
54,1,-2.0577933999999996,25.477707000000002,,,
54,1,-1.9176883000000002,31.847134000000004,,,
54,1,-0.47285464,68.78981,,,
54,1,-0.13134849999999998,110.828026,,,
54,1,-0.12259194,149.89383999999998,,,
54,1,-0.17513135,189.3843,,,
54,2,-3.4569172999999993,10.025409,,,
54,2,-2.576302,15.047495999999999,,,
54,2,-2.1840935,18.307106,,,
54,2,-1.5307173,25.89034,,,
54,2,-0.85122424,33.905937,,,
54,2,-0.63325953,35.21504,,,
54,2,-0.4505639,39.101795,,,
54,2,-0.38084809999999997,39.752968,,,
54,2,-0.33764502,42.767497999999996,,,
54,2,-0.2943201,44.921803000000004,,,
54,2,-0.25102565,47.291164,,,
54,2,-0.11333007,60.851665000000004,,,
54,2,-0.11616255,80.851814,,,
54,2,-0.12769048,100.63616,,,
55,1,-0.02350673,39.472046,,,
55,1,-0.04708279,61.435097,,,
55,1,-0.03205844,84.02555,,,
55,1,-0.06105832,107.4148,,,
55,1,-0.07653008,130.44427,,,
55,1,-0.13528119,153.54004,,,
55,1,-0.14383774,198.58673000000002,,,
55,2,-0.01844406,24.724907,,,
55,2,-0.05178752,39.6863,,,
55,2,-0.04675468,53.05331999999999,,,
55,3,-0.0360723,16.90585,,,
55,3,-0.03847868,36.611553,,,
55,3,-0.05316685,54.963013000000004,,,
56,1,-6.341969000000001,0.6861063000000001,,,
56,1,-6.093264,1.509434,,,
56,1,-5.720207,2.2641508999999997,,,
56,1,-5.471503,2.9502572999999996,,,
56,1,-5.1813474,3.4991423999999998,,,
56,1,-4.80829,4.0480275,,,
56,1,-4.5595856,4.871355,,,
56,1,-3.9792745000000003,5.9691253,,,
56,1,-3.0673575,8.919382,,,
56,1,-1.9481865000000003,13.104631,,,
56,1,-1.6994817999999998,15.094339000000002,,,
56,1,-1.0777202,20.926243,,,
56,1,-0.8704663,24.219555,,,
56,1,-0.7046631999999999,25.385935,,,
56,1,-0.4974093,27.718697,,,
56,1,-0.16580309999999998,30.051458,,,
56,1,-0.08290155,31.012007,,,
56,1,0.0,34.373928,,,
56,1,0.0,35.951972999999995,,,
56,1,-0.04145078,38.627790000000005,,,
57,1,-12.898456,-0.2599975,,,
57,1,-13.398562,4.825677,,,
57,1,-12.695833,9.817673,,,
57,1,-12.593106,14.762939000000001,,,
57,1,-12.794638,19.825360999999997,,,
57,1,-13.098544,24.802298,,,
57,1,-13.393913000000001,29.872026,,,
57,1,-13.495911999999999,35.020153,,,
57,1,-13.697448999999999,39.989117,,,
57,1,-13.691410999999999,44.848457,,,
57,1,-13.79626,49.903347,,,
57,1,-13.795526,60.0902,,,
57,1,-13.795182,64.85651999999999,,,
57,1,-13.391023,69.96523,,,
58,1,-0.9899749,27.958579999999998,,,
58,1,-1.0087719000000002,47.633137,,,
58,1,-1.0776941999999998,68.34319,,,
58,1,-1.1591479,78.69823000000001,,,
58,1,-1.2531328000000002,119.08283999999999,,,
58,1,-1.3032582000000001,138.7574,,,
58,1,-1.1779449,158.43195,,,
58,1,-1.1152883,178.1065,,,
58,1,-1.0776941999999998,184.31951999999998,,,
58,1,-0.68922305,235.05917000000002,,,
58,1,-0.3508772,285.79883,,,
58,1,-0.33834586,317.8994,,,
58,1,-0.30075186,339.64496,,,
58,2,-0.30701753,42.45562,,,
58,2,-0.3884712,81.80473,,,
58,2,-0.40726817,120.11833999999999,,,
58,2,-0.33834586,138.7574,,,
58,2,-0.3884712,158.43195,,,
58,2,-0.49498746,177.071,,,
58,2,-0.4197995,197.78107,,,
58,2,-0.38220552,216.42012000000003,,,
58,2,-0.4197995,236.09467999999998,,,
58,3,-1.9156514,20.292095,,,
58,3,-1.9965359,29.497038,,,
58,3,-2.0443566000000004,36.86723,,,
58,3,-2.0298018,46.723079999999996,,,
58,3,-2.0042176,55.351696,,,
58,3,-1.945602,64.60817,,,
58,3,-1.8392628,73.88226,,,
58,3,-1.7585967,81.29992,,,
58,3,-1.7145602,82.54749,,,
58,3,-1.5935367,91.82701999999999,,,
58,3,-1.4871893,100.485466,,,
58,3,-0.2730973,179.12209,,,
58,3,-0.19607796,184.69142,,,
58,3,-0.17042910000000003,188.39484,,,
58,3,-0.19254437,195.15886,,,
58,3,-0.20359796,198.23305,,,
58,4,-2.142857,18.694363,,,
58,4,-2.289056,57.467854,,,
58,4,-2.13868,93.47180999999999,,,
58,4,-1.8796992,132.2453,,,
58,4,-1.4452798,169.63403,,,
58,4,-0.99415207,207.71513000000002,,,
58,4,-0.53467,245.79622999999998,,,
58,4,-0.2631579,284.56973,,,
58,4,-0.2548037,322.65085,,,
58,5,-2.4749374,34.171597,,,
58,5,-2.6378446,68.34319,,,
58,5,-2.5125313,120.11833999999999,,,
58,5,-2.0112782,165.68048000000002,,,
58,5,-1.4974937,206.0651,,,
58,5,-1.1528822,227.81065,,,
58,5,-0.7017544,249.55621000000002,,,
58,5,-0.53258145,271.3018,,,
58,5,-0.39473686,294.08286,,,
58,6,-0.08354219,20.07913,,,
58,6,-0.10860485,40.850643,,,
58,6,-0.10860485,60.92977,,,
58,6,-0.12531328,80.31652,,,
58,6,-0.15873016,100.395645,,,
58,6,-0.17961570000000002,121.16716000000001,,,
58,6,-0.20467836,141.24629,,,
58,6,-0.2213868,162.0178,,,
58,6,-0.27151212,181.40456,,,
58,7,-0.6578946999999999,78.69823000000001,,,
58,7,-0.16290729999999998,138.7574,,,
58,7,-0.1942356,171.8935,,,
58,7,-0.18170429999999999,197.78107,,,
58,7,-0.1942356,223.66863999999998,,,
58,7,-0.20676689999999998,239.20119,,,
58,7,-0.2005013,247.48521000000002,,,
58,8,-2.368421,32.542038,,,
58,8,-2.330827,51.928783,,,
58,8,-2.2639932999999997,74.77745,,,
58,8,-2.1470342000000002,93.47180999999999,,,
58,8,-2.0760233,113.55094,,,
58,8,-0.19214703,246.48862999999997,,,
58,8,-0.19214703,261.0287,,,
58,8,-0.22556391,275.56876,,,
58,8,-0.18379281,290.1088,,,
58,8,-0.23809524,306.726,,,
58,9,-2.4554663,33.021440000000005,,,
58,9,-2.6100953,66.825325,,,
58,9,-2.5848427000000003,100.695656,,,
58,9,-2.177768,132.24442,,,
58,9,-1.5357782,166.34258,,,
58,9,-0.90110636,198.59105,,,
58,9,-0.44634035,232.62004,,,
58,9,-0.29256848,264.07523,,,
58,10,-2.2793042999999997,36.780440000000006,,,
58,10,-2.4743228,71.18506,,,
58,10,-2.3976512000000003,103.227425,,,
58,10,-2.2400303,121.13963000000001,,,
58,10,-2.1925168,137.1642,,,
58,10,-1.928395,152.03748000000002,,,
58,10,-1.6973531000000002,169.9768,,,
58,10,-1.4479479,187.30727,,,
58,10,-1.2939657,202.75551000000002,,,
59,1,-0.89362067,9.871537,,,
59,1,-0.39569542,19.846725,,,
59,1,-0.29145452,29.820303000000003,,,
59,1,-0.2945791,39.82127,,,
60,1,-16.675875,0.03581662,,,
60,1,-16.30755,0.64469916,,,
60,1,-16.123388000000002,0.9670486999999999,,,
60,1,-15.976059,1.6117479,,,
60,1,-15.828729999999998,2.256447,,,
60,1,-15.681398999999999,3.0802292999999996,,,
60,1,-15.570903,4.083094600000001,,,
60,1,-15.570903,4.871060400000001,,,
60,1,-15.681398999999999,5.8022922999999995,,,
60,1,-15.718232,6.661891000000001,,,
60,1,-15.718232,7.4498568,,,
60,1,-15.755064,8.273639,,,
60,1,-15.755064,9.204871,,,
60,1,-14.613259,26.540115000000004,,,
60,2,-17.23985,1.6998906000000003,,,
60,2,-17.099636,4.684772,,,
60,2,-15.685981,9.601216,,,
60,2,-15.015678,14.497516000000001,,,
60,2,-14.734877,19.654266,,,
60,2,-13.677454000000001,29.439190000000004,,,
60,2,-13.540625,39.74118,,,
60,2,-12.487587,59.011242,,,
60,2,-11.222916,79.91308599999999,,,
60,2,-9.922092999999998,99.189865,,,
60,2,-8.939852,118.45801000000002,,,
60,2,-7.7817492,140.16998,,,
60,2,-6.940597500000001,158.35028,,,
60,2,-5.9232087,178.16138999999998,,,
60,2,-5.3968782,188.20293,,,
60,2,-4.941218,197.97154,,,
60,2,-4.695814,203.12733,,,
60,2,-4.344091400000001,208.015,,,
60,2,-4.2042546,211.8129,,,
61,1,-0.51686746,1.8,,,
61,1,-0.724498,3.7,,,
61,1,-0.8194779000000001,4.7,,,
61,1,-0.90341365,5.5,,,
61,1,-0.952008,7.7,,,
61,1,-0.88353413,9.7,,,
61,1,-0.5212851,14.7,,,
61,1,-0.12369478,19.7,,,
61,1,-0.05301205,24.8,,,
61,1,-0.04859438,34.9,,,
61,2,-0.37771085,1.2,,,
61,2,-0.8813253000000001,3.2,,,
61,2,-1.00502,4.2,,,
61,2,-1.0845381,5.2,,,
61,2,-1.0757028,7.3,,,
61,2,-0.952008,9.2,,,
61,2,-0.55220884,14.3,,,
61,2,-0.17670682,19.3,,,
61,2,-0.05301205,24.3,,,
61,2,-0.05742972,34.5,,,
61,3,-1.27,7.24,,,
61,4,-0.2,8.35,,,
62,1,-3.7316422,1.005413,,,
62,1,-3.6954677000000005,1.8688983000000001,,,
62,1,-3.6838684,2.258279,,,
62,1,-3.6857803,2.6814137000000002,,,
62,1,-3.6618934000000003,3.3078464999999997,,,
62,1,-3.6257954,4.188257,,,
62,1,-3.5762625,5.0518394,,,
62,1,-3.553446,5.915228,,,
62,1,-3.4921608,7.134339999999999,,,
62,1,-3.443928,8.285653,,,
62,1,-3.3446328999999997,9.962042,,,
63,1,-8.708388000000001,2.2846875,,,
63,1,-7.176814599999999,3.4279008,,,
63,1,-6.2081056,4.456358,,,
63,1,-5.182281,6.0246900000000005,,,
63,1,-4.4482565,7.8486147,,,
63,1,-3.6184730000000003,10.303697999999999,,,
63,1,-1.9017906999999998,15.753738,,,
63,2,-8.708388000000001,2.2846875,,,
63,2,-7.176814599999999,3.4279008,,,
63,2,-6.2081056,4.456358,,,
63,2,-5.182281,6.0246900000000005,,,
63,2,-4.4482565,7.8486147,,,
63,2,-3.6184730000000003,10.303697999999999,,,
63,2,-1.9017906999999998,15.753738,,,
63,3,-3.2612429,2.1502151,,,
63,3,-2.8920424,4.3963823,,,
63,3,-2.5425332000000003,7.1518692999999995,,,
63,3,-2.1151022999999998,9.908238,,,
63,3,-1.843093,11.643764,,,
63,3,-1.493373,13.889709,,,
63,3,-0.9298742,17.360979999999998,,,
63,3,-0.73566025,18.789898,,,
63,4,-1.859158,3.388993,,,
63,4,-2.0160978,6.036837,,,
63,4,-1.9773057,6.44491,,,
63,4,-1.8413643,7.465534,,,
63,4,-1.452852,10.1195545,,,
63,4,-0.96664244,12.061321000000001,,,
63,4,-0.5193094,13.798831,,,
63,4,-0.36367682,14.310135999999998,,,
63,5,-3.2476685,3.1101197999999997,,,
63,5,-3.5603702000000004,3.8234019999999997,,,
63,5,-3.7364553999999996,4.6275926,,,
63,5,-3.8348737,6.328047799999999,,,
63,5,-3.6011519999999995,7.494512599999999,,,
63,5,-3.3867412000000003,8.213039,,,
63,5,-2.9188318,9.560933,,,
63,5,-1.8467358,13.064017999999999,,,
63,6,-3.2476685,3.1101197999999997,,,
63,6,-3.5603702000000004,3.8234019999999997,,,
63,6,-3.7364553999999996,4.6275926,,,
63,6,-3.8348737,6.328047799999999,,,
63,6,-3.6011519999999995,7.494512599999999,,,
63,6,-3.3867412000000003,8.213039,,,
63,6,-2.9188318,9.560933,,,
63,6,-1.8467358,13.064017999999999,,,
63,7,-7.93967,-0.08737260000000001,,,
63,7,-6.900488,1.7141668999999997,,,
63,7,-6.220367400000001,3.0213513,,,
63,7,-5.427042500000001,4.813057,,,
63,7,-4.860484,6.2756963,,,
63,7,-4.4643135,8.051516000000001,,,
63,7,-4.181794,10.142783999999999,,,
63,7,-3.4092593,15.293606,,,
63,8,-3.3640133999999997,2.0156212,,,
63,8,-3.6675012000000002,3.603457,,,
63,8,-3.9518980000000004,4.8720617,,,
63,8,-4.141556,5.824460500000001,,,
63,8,-4.2369213,7.260624000000001,,,
63,8,-4.161898600000001,8.383607000000001,,,
63,8,-3.9545807999999996,9.67188,,,
63,8,-3.3712564,14.975131,,,
63,9,-7.72,0.0,,,
63,9,-6.778823399999999,0.7936508000000001,,,
63,9,-5.611765,1.5873016000000002,,,
63,9,-4.651765,2.3809524,,,
63,9,-3.5411766000000005,3.8095237999999996,,,
63,9,-2.8070588,5.714286,,,
63,9,-2.2988236,7.301587,,,
63,9,-1.8470588,8.888889,,,
63,9,-1.64,13.4920635,,,
63,10,-0.04,4.6031747,,,
63,10,-0.26588234,5.714286,,,
63,10,-0.58588237,6.984127,,,
63,10,-0.77411765,8.412699,,,
63,10,-0.8117647,10.158730499999999,,,
63,10,-0.79294115,13.174603,,,
64,1,-9.262125,1.7957173999999998,,,
64,1,-9.169322,4.5109987,,,
64,1,-6.495293599999999,9.704053,,,
64,1,-4.761437,14.55608,,,
64,1,-3.3767050000000003,24.126143,,,
64,1,-3.1726667999999996,29.556288000000002,,,
64,1,-3.3730947999999996,39.524567,,,
64,1,-2.9467554,49.659805,,,
64,1,-2.88912,59.622240000000005,,,
64,1,-2.2785349999999998,69.39099,,,
64,1,-2.0733926,79.53124,,,
64,1,-2.4580238,90.047165,,,
64,1,-2.2897477000000004,100.188255,,,
66,1,-3.7326791,4.9606775999999995,,,
66,1,-7.2546669999999995,9.586258,,,
66,1,-6.686615,14.722601000000001,,,
66,1,-6.7402797,19.480556,,,
66,1,-6.7499685,24.954908,,,
66,1,-6.615285000000001,30.272745,,,
66,1,-6.4378785999999995,34.866690000000006,,,
66,1,-6.3034453,39.89647,,,
66,1,-6.2558365,44.78971,,,
66,1,-6.0926290000000005,49.672962,,,
66,1,-6.0156193,55.13981999999999,,,
66,1,-5.9392357,59.886536,,,
66,1,-5.920526000000001,64.78228,,,
66,1,-5.8583419999999995,69.8183,,,
66,1,-5.7962832,74.71029,,,
66,1,-5.7050743,79.88785,,,
66,1,-5.671914599999999,84.78233,,,
66,1,-5.551680999999999,90.10141999999999,,,
66,1,-5.460848,94.846886,,,
66,1,-5.3989142999999995,99.59485,,,
66,1,-5.3222804,104.62961999999999,,,
66,1,-5.1733975,109.65816000000001,,,
66,1,-5.082439,114.54765,,,
66,1,-5.005554,119.87048,,,
66,1,-4.9436207,124.61845,,,
66,1,-4.766089,129.35641,,,
66,1,-4.67488,134.53396999999998,,,
66,1,-4.586678,136.25482,,,
67,1,-13.954118,4.558288,,,
67,1,-14.980514999999999,11.437139,,,
67,1,-13.378516000000001,39.6301,,,
67,1,-12.491075,59.735507999999996,,,
67,1,-11.432407000000001,79.83917,,,
67,1,-10.602039999999999,99.94516999999999,,,
67,1,-9.571877,120.29442,,,
67,1,-8.456169000000001,140.15219,,,
67,1,-7.483114200000001,160.25673,,,
67,1,-6.538631,180.11626,,,
67,1,-5.565610400000001,199.9755,,,
67,1,-2.04051,308.36142,,,
67,2,-21.260407999999998,-0.5183055,,,
67,2,-9.159865,4.2639885,,,
67,2,-11.613404,9.195037,,,
67,2,-11.926638,14.10421,,,
67,2,-11.86885,19.254889000000002,,,
67,2,-12.40967,29.317657,,,
67,2,-12.578146,49.188559999999995,,,
67,2,-12.2043085,69.78981999999999,,,
67,2,-11.459519,90.14199,,,
67,2,-10.657689999999999,110.248276,,,
67,2,-9.713206,130.1078,,,
67,2,-8.768757,149.72203000000002,,,
67,2,-7.7956686,170.07187,,,
67,2,-6.908294000000001,189.68668,,,
67,2,-5.9066,210.52682000000001,,,
67,2,-4.9336476,229.89546,,,
67,2,-4.017633999999999,250.24587999999997,,,
67,2,-3.1017217999999995,269.8604,,,
67,2,-2.2142793999999997,289.96582,,,
67,2,-2.0987046,300.26718,,,
67,2,-2.0688438000000002,309.83353,,,
67,3,-19.062994,0.0,,,
67,3,-19.376396,3.3872154,,,
67,3,-18.690954,7.304986500000001,,,
67,3,-17.805854999999998,10.484821,,,
67,3,-17.605345,15.87934,,,
67,4,-16.094694,2.617778,,,
67,4,-16.978779,6.796889999999999,,,
67,4,-17.235174,9.988391,,,
67,4,-16.606028,19.548605,,,
67,4,-16.090929,29.845878999999996,,,
67,4,-15.604367000000002,40.143444,,,
67,4,-15.060799,49.949833,,,
69,1,-8.619695,19.8125,,,
69,1,-9.5161295,29.9375,,,
69,1,-10.300509,39.875,,,
69,1,-10.7283535,49.625,,,
69,1,-10.911715,59.75,,,
69,1,-10.983022,69.875,,,
69,1,-11.033956,79.625,,,
69,1,-11.044143,89.5625,,,
69,1,-10.932088,99.6875,,,
69,1,-10.972836000000001,125.9375,,,
69,2,-7.825127,20.75,,,
69,2,-8.966044,30.875,,,
69,2,-9.169779,35.9375,,,
69,2,-9.251273,40.8125,,,
69,2,-9.342955,46.0625,,,
69,2,-9.5161295,50.9375,,,
69,2,-9.699491,56.0,,,
69,2,-9.913412,60.875,,,
69,2,-10.147708,65.9375,,,
69,2,-10.341256,70.8125,,,
69,2,-10.382004,73.0625,,,
69,2,-10.636672,78.125,,,
69,2,-10.779287,83.0,,,
69,2,-10.911715,87.875,,,
69,2,-10.993209,93.125,,,
69,2,-11.064516000000001,98.1875,,,
69,2,-11.033956,102.875,,,
69,2,-11.044143,107.9375,,,
69,2,-10.993209,113.0,,,
69,3,-8.405772,20.375,,,
69,3,-8.222411,26.375,,,
69,3,-8.3650255,36.3125,,,
69,3,-8.803056,46.0625,,,
69,3,-9.342955,56.0,,,
69,3,-9.709678,65.375,,,
69,3,-10.147708,75.3125,,,
69,3,-10.42275,85.0625,,,
69,3,-10.7283535,94.8125,,,
69,3,-10.748727,104.9375,,,
69,3,-10.748727,112.625,,,
69,4,-8.426146000000001,26.1875,,,
69,4,-9.037352,36.125,,,
69,4,-9.159593,45.5,,,
69,4,-9.424448,56.1875,,,
69,4,-9.760612,65.9375,,,
69,4,-9.943973,76.0625,,,
69,4,-10.198642,86.0,,,
69,4,-10.4838705,96.125,,,
69,4,-10.595925,106.0625,,,
69,4,-10.738539999999999,116.1875,,,
69,4,-10.7283535,121.25,,,
69,4,-10.687606,125.9375,,,
70,1,-9.944922,0.03675827,,,
70,1,-11.707153,0.5284001,,,
70,1,-12.045125,0.6522405,,,
70,1,-12.021236,1.4138806000000002,,,
70,1,-11.466482000000001,2.6879485,,,
70,1,-10.67014,3.3296866,,,
70,1,-8.860592,5.757264,,,
70,1,-7.2922554,7.6750393,,,
70,1,-6.2066345,9.461535000000001,,,
70,1,-5.62795,11.370339,,,
70,1,-5.43518,12.387319,,,
70,1,-5.1700797,13.658760999999998,,,
70,1,-4.8810910000000005,15.691842999999999,,,
70,1,-4.3031559999999995,19.884912,,,
70,1,-3.2710545,37.660816,,,
70,1,-1.6846145000000001,57.979828000000005,,,
70,1,-0.8463649,78.038246,,,
70,1,-0.3183284,87.180115,,,
71,1,-8.0,0.26595744,,,
71,1,-7.7931029999999994,0.8865248,,,
71,1,-8.620689,1.9503546000000003,,,
71,1,-7.448276,2.9255318999999997,,,
71,1,-7.172414,3.9007092000000005,,,
71,1,-6.7586207,5.9397163,,,
71,1,-6.344827700000001,7.9787235,,,
71,1,-5.862069,10.017731,,,
71,1,-5.655172299999999,10.992908,,,
71,1,-5.37931,12.1453905,,,
71,1,-5.1034484,12.943261999999999,,,
71,1,-4.827586,14.095745,,,
71,1,-4.344827700000001,16.223404000000002,,,
71,1,-3.6551723,20.212767000000003,,,
71,1,-3.6551723,24.911348,,,
71,2,-10.176308,0.31008124,,,
71,2,-9.975937,1.0185808,,,
71,2,-9.845903999999999,2.168165,,,
71,2,-9.714483999999999,3.052738,,,
71,2,-9.65155,4.025047,,,
71,2,-9.39056,6.147541,,,
71,2,-9.061083,8.182299,,,
71,2,-8.663119,10.129321000000001,,,
71,2,-8.465062,11.279506,,,
71,2,-8.334105000000001,12.252416,,,
71,2,-8.202684,13.136989000000002,,,
71,2,-8.004164999999999,14.198835999999998,,,
71,2,-7.742249,16.144657000000002,,,
71,2,-7.2198057,20.301308,,,
71,2,-7.2443314,24.983173,,,
71,3,-9.720684,-0.2756375,,,
71,3,-9.373606,0.6068861,,,
71,3,-9.367408,1.4934396,,,
71,3,-10.382613000000001,2.569393,,,
71,3,-7.853896000000001,3.426126,,,
71,3,-5.998265,5.532093,,,
71,3,-4.9613667,7.559077,,,
71,3,-4.2665896,9.412778999999999,,,
71,3,-3.9170317999999997,10.649924,,,
71,3,-3.638129,11.533254,,,
71,3,-3.4249237,12.772011000000001,,,
71,3,-3.2135775,13.744801500000001,,,
71,3,-2.9954134999999997,15.692801000000001,,,
71,3,-2.627262,19.589607,,,
71,3,-2.5931742,24.46565,,,
71,4,-10.076027,0.28689593,,,
71,4,-9.07611,0.16394053,,,
71,4,-8.196843,0.8755915000000001,,,
71,4,-7.560257000000001,1.2071985,,,
71,4,-6.984271000000001,1.5462573,,,
71,4,-6.620389500000001,1.9113976000000001,,,
71,4,-6.4688870000000005,1.892768,,,
71,4,-6.2868085,2.280264,,,
71,4,-6.1650553,3.0850627,,,
71,4,-6.1044540000000005,3.077611,,,
71,4,-6.2846044999999995,5.559074400000001,,,
71,4,-6.526182,6.8184357,,,
71,4,-6.6465583,8.062894,,,
71,4,-6.553453,11.330525999999999,,,
71,4,-6.371099,12.127873,,,
71,4,-6.157342400000001,14.5609,,,
71,4,-5.944136599999999,16.174225,,,
71,4,-5.761232,17.791273,,,
71,4,-5.6083517,19.821901,,,
71,4,-4.5114727,28.704496000000002,,,
71,4,-4.0806546,38.488766,,,
71,4,-3.6804120000000005,47.86691,,,
71,4,-3.3402197,58.07221,,,
71,4,-3.030328,68.281235,,,
71,4,-2.6901357000000004,78.48653399999999,,,
71,4,-2.411371,87.46973,,,
71,4,-2.1017547000000003,97.2689,,,
71,4,-1.8216126,108.30135,,,
73,1,-10.310078,2.8682925999999997,,,
73,1,-8.682171,4.0390244,,,
73,1,-7.3643413,5.121951,,,
73,1,-6.007752,7.6390243,,,
73,1,-5.503875700000001,9.160975,,,
73,1,-4.418605,18.0,,,
73,2,-10.29653,9.113924,,,
73,2,-10.807571000000001,19.493671,,,
73,2,-11.318612,29.367088,,,
73,2,-11.347002999999999,39.49367,,,
73,2,-11.332808,49.620255,,,
73,2,-11.318612,59.746834,,,
73,2,-11.332808,69.620255,,,
73,2,-11.063091,79.49367,,,
73,2,-11.063091,89.36709,,,
73,2,-10.552050999999999,99.49367,,,
73,2,-10.055205,119.74683,,,
73,2,-9.558359,132.65823,,,
73,3,-8.777602,0.25316456,,,
73,3,-8.905363000000001,4.556962,,,
73,3,-8.905363000000001,8.86076,,,
73,3,-9.004732,14.43038,,,
73,3,-9.217666,19.240507,,,
73,3,-9.104101,24.556963,,,
73,3,-9.175078,29.113924,,,
73,3,-9.018928,33.164559999999994,,,
73,4,-5.9100947,8.86076,,,
73,4,-6.094637400000001,19.493671,,,
73,4,-6.4921136,29.367088,,,
73,4,-6.7902207,39.49367,,,
73,4,-7.0031548,49.367090000000005,,,
73,4,-7.0031548,59.493669999999995,,,
73,4,-6.889589999999999,69.620255,,,
73,4,-6.705047,79.49367,,,
73,4,-6.279179599999999,89.620255,,,
73,4,-5.995268299999999,99.74683,,,
73,4,-5.512618,109.87342,,,
73,4,-4.8880124,119.74683,,,
73,4,-4.0930599999999995,129.87341,,,
73,4,-3.6104102,140.0,,,
73,4,-2.8864353,146.83545,,,
75,1,-1.5,140.0,,,
75,1,-1.16,150.0,,,
75,1,-0.9,160.0,,,
75,1,-0.66,170.0,,,
75,1,-0.49,180.0,,,
75,1,-0.13,190.0,,,
75,1,-0.13,200.0,,,
75,2,-9.95,10.0,,,
75,2,-7.91,17.0,,,
75,2,-7.32,20.0,,,
75,2,-6.06,30.0,,,
75,2,-5.1,40.0,,,
75,2,-4.27,50.0,,,
75,2,-3.57,60.0,,,
75,2,-3.5,62.0,,,
75,2,-2.97,70.0,,,
75,2,-2.9,72.0,,,
75,2,-2.44,82.0,,,
75,2,-1.89,92.0,,,
75,2,-1.6,102.0,,,
75,2,-1.37,112.0,,,
75,2,-0.92,122.0,,,
75,3,-4.68,28.0,,,
75,3,-3.41,38.0,,,
75,3,-2.55,48.0,,,
75,3,-1.88,58.0,,,
75,3,-1.52,68.0,,,
75,3,-1.17,78.0,,,
75,3,-1.04,88.0,,,
76,1,-10.746013,0.0,,,
76,1,-10.27362,23.785926999999997,,,
76,1,-9.887116,46.977203,,,
76,2,-10.591411,0.0,,,
76,2,-10.385276,9.514371,,,
76,2,-9.998773,32.70565,,,
76,2,-9.77546,43.70664,,,
76,2,-9.474847,57.680873999999996,,,
76,2,-9.096932,75.81764,,,
76,2,-8.753374,92.765114,,,
76,3,-10.977914,0.0,,,
76,3,-10.350921000000001,31.516353999999996,,,
76,3,-9.723927,61.84341,,,
76,3,-9.036810000000001,91.87314,,,
76,3,-8.650307000000002,114.17245,,,
76,3,-8.392638,129.6333,,,
76,3,-8.040491000000001,152.52725,,,
76,4,-11.115337,0.0,,,
76,4,-10.703068,20.515362,,,
76,4,-10.385276,37.462833,,,
76,4,-9.887116,63.92468,,,
76,4,-9.234356,90.08919499999999,,,
76,4,-8.426994,124.28146000000001,,,
76,4,-7.6969323,160.55501,,,
76,4,-7.095705499999999,191.47672,,,
76,4,-6.6920247,217.3439,,,
76,5,-10.161963,0.2973241,,,
76,5,-9.268711999999999,41.32805,,,
76,5,-8.6588955,65.4113,,,
76,5,-8.280982,86.818634,,,
76,5,-7.988957000000001,103.46878000000001,,,
76,5,-7.8,117.74033,,,
76,5,-7.499386299999999,144.20218,,,
76,5,-7.2760735,165.01486,,,
76,5,-7.0269938,185.23291,,,
76,5,-6.838037,202.18036999999998,,,
76,5,-6.537423,227.75024,,,
76,5,-6.1509204,254.50941,,,
76,5,-5.7558284,279.48465,,,
76,6,-10.737423,0.5946482,,,
76,6,-10.462577,13.379582999999998,,,
76,6,-10.127607000000001,27.65114,,,
76,6,-9.698159,41.922695000000004,,,
76,6,-9.28589,56.491577,,,
76,6,-9.011042999999999,69.27651,,,
76,6,-8.7361965,81.16946999999999,,,
76,7,-10.067485000000001,0.0,,,
76,7,-9.337423,16.947474,,,
76,7,-8.521472,35.976215,,,
76,7,-8.023313,48.463825,,,
76,7,-7.422086,63.032706999999995,,,
76,7,-6.820859,77.89891,,,
76,7,-5.6355830000000005,109.712585,,,
78,1,-4.331200506,2.1001739230000003,,,
78,1,-8.676076769,4.921134895,,,
78,1,-10.8971727,8.010758816000001,,,
78,1,-11.51984113,11.33546282,,,
78,1,-11.37339857,15.53332141,,,
78,1,-11.00036052,21.88048359,,,
78,1,-10.84701657,27.9925657,,,
78,1,-10.73429394,34.97780239,,,
78,1,-10.65289997,39.34357533,,,
78,1,-10.53557642,47.60496103,,,
78,2,-18.444000000000003,15.0,,,
78,2,-18.588,20.0,,,
78,2,-18.665,25.0,,,
78,2,-18.649,30.0,,,
78,2,-18.619,35.0,,,
78,2,-18.59,40.0,,,
78,2,-18.558,45.0,,,
78,2,-18.53,50.0,,,
78,2,-18.5,57.0,,,
78,2,-18.487000000000002,60.0,,,
78,2,-18.45,70.0,,,
78,2,-18.419,80.0,,,
78,2,-18.375999999999998,90.0,,,
78,2,-18.328,97.5,,,
78,2,-18.027,125.0,,,
78,2,-17.719,150.0,,,
78,2,-17.307000000000002,175.0,,,
78,2,-16.829,200.0,,,
78,2,-16.307000000000002,225.0,,,
78,2,-15.753,250.0,,,
78,2,-15.18,275.0,,,
78,2,-14.593,300.0,,,
78,3,-20.8843,10.0,,,
78,3,-21.1775,20.0,,,
78,3,-21.2803,30.0,,,
78,3,-21.2987,40.0,,,
78,3,-21.2584,50.0,,,
78,3,-21.1756,60.0,,,
78,3,-21.0797,70.0,,,
78,3,-20.9678,80.0,,,
78,3,-20.8403,90.0,,,
78,3,-20.7042,100.0,,,
78,3,-20.5652,110.0,,,
78,3,-20.410999999999998,120.0,,,
78,3,-20.2663,130.0,,,
78,3,-20.0978,140.0,,,
78,3,-19.91,150.0,,,
78,3,-19.7572,160.0,,,
78,3,-19.6137,170.0,,,
78,3,-19.5767,176.0,,,
78,4,-11.93,10.0,,,
78,4,-12.53,20.0,,,
78,4,-12.67,30.0,,,
78,4,-12.75,40.0,,,
78,4,-12.75,50.0,,,
78,4,-12.7,60.0,,,
78,4,-12.51,70.0,,,
78,4,-12.51,80.0,,,
78,4,-12.5,90.0,,,
78,4,-12.48,100.0,,,
78,4,-12.4,120.0,,,
78,4,-12.34,130.0,,,
78,4,-12.26,140.0,,,
78,4,-12.13,150.0,,,
78,4,-12.11,160.0,,,
78,4,-12.06,176.0,,,
78,5,-22.416,1.32,,,
78,5,-23.122,2.24,,,
78,5,-22.729,3.15,,,
78,5,-22.031999999999996,4.06,,,
78,5,-20.043,4.57,,,
78,5,-21.359,4.72,,,
78,5,-19.77,5.18,,,
78,5,-20.791,5.33,,,
78,5,-19.666,6.1,,,
78,5,-18.688,7.62,,,
78,5,-17.921,9.14,,,
78,5,-17.441,10.67,,,
78,5,-17.166,12.19,,,
78,5,-17.164,13.72,,,
78,5,-17.067999999999998,15.24,,,
78,5,-17.084,16.76,,,
78,5,-17.16,18.29,,,
78,5,-17.11,19.81,,,
78,5,-17.116,21.34,,,
78,5,-17.102,22.87,,,
78,5,-17.088,24.38,,,
78,5,-17.029,30.48,,,
78,5,-16.958,38.1,,,
78,5,-16.912,45.72,,,
78,5,-16.86,53.34,,,
78,5,-16.808,60.96,,,
78,5,-16.730999999999998,68.58,,,
78,5,-16.665,76.2,,,
78,5,-16.574,83.82,,,
78,5,-16.484,91.44,,,
78,5,-16.374000000000002,99.06,,,
78,5,-16.236,106.68,,,
78,5,-16.11,114.3,,,
78,5,-15.96,121.16,,,
78,6,-18.5,9.0,,,
78,6,-16.7,19.0,,,
78,6,-15.7,29.0,,,
78,6,-14.9,40.0,,,
78,6,-13.5,70.0,,,
78,6,-12.5,94.0,,,
78,6,-11.5,121.0,,,
78,6,-10.0,146.0,,,
78,6,-9.0,178.0,,,
78,6,-8.0,201.0,,,
78,6,-6.9,226.0,,,
78,6,-5.1,246.0,,,
78,6,-3.0,267.0,,,
78,6,-1.5,288.0,,,
78,7,-21.0,10.0,,,
78,7,-16.0,345.0,,,
78,8,-16.664,80.0,,,
78,8,-16.845,90.0,,,
78,8,-16.994,100.0,,,
78,8,-17.116,110.0,,,
78,8,-17.214000000000002,120.0,,,
78,8,-17.277,120.0,,,
78,8,-17.28,130.0,,,
78,8,-17.335,140.0,,,
78,8,-17.385,140.0,,,
78,8,-17.352999999999998,150.0,,,
78,8,-17.355999999999998,160.0,,,
78,8,-17.434,160.0,,,
78,8,-17.364,180.0,,,
78,8,-17.214000000000002,200.0,,,
78,8,-17.012999999999998,220.0,,,
78,8,-16.777,240.0,,,
78,8,-16.505,260.0,,,
78,8,-16.222,280.0,,,
78,8,-15.93,300.0,,,
78,8,-15.626,320.0,,,
78,8,-15.333,340.0,,,
78,8,-15.035,360.0,,,
78,8,-14.737,380.0,,,
78,8,-14.44,400.0,,,
78,8,-14.277000000000001,410.0,,,
78,8,-14.145999999999999,420.0,,,
78,9,-22.46,13.04,,,
78,9,-22.74,23.04,,,
78,9,-22.76,33.04,,,
78,9,-22.73,38.04,,,
78,9,-22.7,43.04,,,
78,9,-22.69,48.04,,,
78,9,-22.64,53.04,,,
78,9,-22.62,58.04,,,
78,9,-22.58,63.04,,,
78,9,-22.54,68.04,,,
78,9,-22.515,73.04,,,
78,9,-22.47,78.04,,,
78,9,-22.415,83.04,,,
78,9,-22.39,88.04,,,
78,9,-22.34,93.04,,,
78,9,-22.3,98.04,,,
78,9,-22.246,103.04,,,
78,9,-22.19,108.04,,,
78,9,-22.14,113.04,,,
78,9,-22.086,118.04,,,
78,9,-22.03,123.04,,,
78,9,-21.97,128.04,,,
78,9,-21.85,138.04,,,
78,9,-21.73,148.04,,,
78,9,-21.61,158.04,,,
78,9,-21.46,168.04,,,
78,9,-21.32,178.04,,,
78,9,-21.18,188.04,,,
78,9,-21.03,198.04,,,
78,9,-20.88,208.04,,,
78,9,-20.73,218.04,,,
78,10,-23.1542272,8.805974024,,,
78,10,-23.03610396,13.05174987,,,
78,10,-23.00210122,20.27665942,,,
78,10,-23.0017252,29.20331719,,,
78,10,-23.03501171,38.98156529,,,
78,10,-23.0261753,48.75802283,,,
78,10,-22.97516225,59.80792663,,,
78,10,-22.91584995,67.88191973,,,
78,10,-22.84798772,78.93110731,,,
78,10,-22.76331214,89.12942078,,,
78,10,-22.64497403,98.47614392,,,
78,10,-22.50130845,109.09702959999998,,,
78,10,-22.37450995,119.29355249999999,,,
78,10,-22.214013100000003,129.4886429,,,
78,10,-22.036702899999998,138.83285930000002,,,
78,10,-21.86779937,148.60251269999998,,,
78,10,-21.67358629,159.2212496,,,
78,10,-21.47100233,168.5643917,,,
78,10,-21.27677133,179.6082076,,,
78,10,-21.057302399999998,189.8007912,,,
78,10,-20.85470053,199.5690122,,,
78,10,-20.61836452,210.18595860000002,,,
78,10,-20.39050681,219.52802630000002,,,
78,10,-20.16261329,229.7202519,,,
78,10,-19.91787059,239.91176119999997,,,
78,10,-19.673127899999997,250.1032705,,,
78,10,-19.4283673,260.7198588,,,
78,10,-19.18364252,270.4862892,,,
78,10,-18.92206856,280.2520034,,,
78,10,-18.65208793,289.5922805,,,
78,10,-18.41580563,298.9339901,,,
78,11,-22.80354167,9.592831636,,,
78,11,-22.93014203,15.51430618,,,
78,11,-23.09895443,23.97457632,,,
78,11,-23.14129151,32.4455647,,,
78,11,-23.13307419,42.61575261,,,
78,11,-23.09955287,52.36435611,,,
78,11,-23.04917711,62.53811677,,,
78,11,-22.97352414,73.56147719,,,
78,11,-22.88941269,83.31436799,,,
78,11,-22.79686063,92.64424528,,,
78,11,-22.67059967,102.82443690000001,,,
78,11,-22.52748427,113.42978570000001,,,
78,11,-22.35905594,123.18982199999999,,,
78,11,-22.21592267,132.94771459999998,,,
78,11,-22.02220821,143.1336226,,,
78,11,-21.86223836,154.1641285,,,
78,11,-21.66851497,163.9263085,,,
78,11,-21.48321433,173.26404580000002,,,
78,11,-21.27263649,183.45138290000003,,,
78,11,-21.06205865,193.63872,,,
78,11,-20.85147188,203.4023291,,,
78,11,-20.63245342,213.1666527,,,
78,12,-23.99,2.6,,,
78,12,-22.41,7.6,,,
78,12,-21.88,12.6,,,
78,12,-21.76,17.6,,,
78,12,-21.61,22.6,,,
78,12,-21.52,27.6,,,
78,12,-21.39,32.6,,,
78,12,-21.28,37.6,,,
78,12,-21.09,42.6,,,
78,12,-21.0,47.6,,,
78,12,-20.9,52.6,,,
78,12,-20.8,57.6,,,
78,12,-20.68,62.6,,,
78,12,-20.55,67.6,,,
78,12,-20.44,72.6,,,
78,12,-20.33,77.6,,,
78,12,-20.22,82.6,,,
78,12,-20.09,87.6,,,
78,12,-19.97,92.6,,,
78,12,-19.84,97.6,,,
78,12,-19.71,102.6,,,
78,12,-19.6,107.6,,,
78,12,-19.48,112.6,,,
78,12,-19.34,117.6,,,
78,12,-19.23,122.6,,,
78,12,-19.1,127.6,,,
78,13,-22.3,11.2,,,
78,13,-22.26,16.2,,,
78,13,-22.16,21.2,,,
78,13,-22.01,26.2,,,
78,13,-21.88,31.2,,,
78,13,-21.75,36.2,,,
78,13,-21.62,41.2,,,
78,13,-21.51,46.2,,,
78,13,-21.42,51.2,,,
78,13,-21.28,56.2,,,
78,13,-21.18,61.2,,,
78,13,-21.06,66.2,,,
78,13,-20.94,71.2,,,
78,13,-20.83,76.2,,,
78,13,-20.71,81.2,,,
78,13,-20.56,86.2,,,
78,13,-20.43,91.2,,,
78,13,-20.29,96.2,,,
78,13,-20.15,101.2,,,
78,13,-20.03,106.2,,,
78,13,-19.87,111.2,,,
78,13,-19.73,116.2,,,
78,13,-19.58,121.2,,,
78,13,-19.43,126.2,,,
78,13,-19.28,131.2,,,
78,13,-19.14,136.2,,,
78,13,-19.05,141.2,,,
78,14,-22.35,11.94,,,
78,14,-22.3,16.94,,,
78,14,-22.16,21.94,,,
78,14,-22.0,26.94,,,
78,14,-21.85,31.94,,,
78,14,-21.75,36.94,,,
78,14,-21.61,41.94,,,
78,14,-21.48,46.94,,,
78,14,-21.37,51.94,,,
78,14,-21.27,56.94,,,
78,14,-21.15,61.94,,,
78,14,-21.03,66.94,,,
78,14,-20.91,71.94,,,
78,14,-20.79,76.94,,,
78,14,-20.64,81.94,,,
78,14,-20.53,86.94,,,
78,14,-20.41,91.94,,,
78,14,-20.29,96.94,,,
78,14,-20.13,101.94,,,
78,14,-20.01,106.94,,,
78,14,-19.85,111.94,,,
78,14,-19.71,116.94,,,
78,14,-19.57,121.94,,,
78,14,-19.42,126.94,,,
78,14,-19.28,131.94,,,
78,14,-19.12,136.94,,,
78,14,-19.04,141.94,,,
78,15,-24.16,10.91,,,
78,15,-24.35,15.91,,,
78,15,-24.33,20.91,,,
78,15,-24.19,25.91,,,
78,15,-24.19,30.91,,,
78,15,-24.08,35.91,,,
78,15,-24.03,40.91,,,
78,15,-23.92,45.91,,,
78,15,-23.85,50.91,,,
78,15,-23.8,55.91,,,
78,15,-23.72,60.91,,,
78,15,-23.68,65.91,,,
78,15,-23.61,70.91,,,
78,15,-23.54,75.91,,,
78,15,-23.47,80.91,,,
78,15,-23.39,85.91,,,
78,15,-23.32,90.91,,,
78,15,-23.23,95.91,,,
78,15,-23.14,100.91,,,
78,15,-23.05,105.91,,,
78,15,-22.97,110.91,,,
78,15,-22.85,115.91,,,
78,15,-22.76,120.91,,,
78,15,-22.68,125.91,,,
78,15,-22.56,130.91,,,
78,15,-22.44,135.91,,,
78,15,-22.33,140.91,,,
78,15,-22.24,145.91,,,
78,15,-22.11,150.91,,,
78,15,-21.98,155.91,,,
78,15,-21.86,160.91,,,
78,15,-21.76,165.91,,,
78,15,-21.61,170.91,,,
78,15,-21.49,175.91,,,
78,15,-21.35,180.91,,,
78,15,-21.22,185.91,,,
78,15,-21.09,190.91,,,
78,15,-20.95,195.91,,,
78,15,-20.83,200.91,,,
78,15,-20.69,205.91,,,
78,15,-20.55,210.91,,,
78,15,-20.42,215.91,,,
78,15,-20.27,220.91,,,
78,15,-20.13,225.91,,,
78,15,-19.99,230.91,,,
78,15,-19.82,235.91,,,
78,15,-19.69,240.91,,,
78,15,-19.55,245.91,,,
78,15,-19.39,250.91,,,
78,15,-19.24,255.91,,,
78,15,-19.09,260.91,,,
78,15,-18.94,265.91,,,
78,15,-18.8,270.91,,,
78,15,-18.64,275.91,,,
78,15,-18.5,280.91,,,
78,15,-18.42,285.91,,,
78,15,-18.17,290.91,,,
78,15,-17.9,295.91,,,
78,15,-17.84,300.91,,,
78,15,-17.69,305.91,,,
78,15,-17.54,310.91,,,
78,15,-17.37,315.91,,,
78,15,-17.22,320.91,,,
78,15,-17.06,325.91,,,
78,15,-16.92,330.91,,,
78,15,-16.83,335.91,,,
78,15,-16.74,340.91,,,
74,1,0.5,-9.7675,,,
74,1,1.5,-10.88,,,
74,1,3.5,-10.366,,,
74,1,5.5,-9.2026,,,
74,1,7.5,-8.2492,,,
74,1,8.5,-7.9154,,,
74,1,9.5,-7.6489,,,
74,1,10.5,-7.4595,,,
74,1,11.5,-7.3413,,,
74,1,13.5,-7.2398,,,
74,1,17.5,-7.2359,,,
