study_id,measurement_id,elevation_masl,glacier_name,rgi_id,start_date,end_date,to_bottom,site_description,notes,max_depth,model_time,site_coords
1,1,4450.0,Grenzgletscher,RGI60-11.02822,1978-01-01 00:00:00,1978-12-31 00:00:00,False,colle gnifetti,14 km from terminus,58.959538,1978-07-02 00:00:00,"(7.875402999999999, 45.93062000000001)"
1,2,2600.0,Grenzgletscher,RGI60-11.02822,1979-01-01 00:00:00,1979-12-31 00:00:00,False,ablation area,5 km from terminus,348.05325,1979-07-02 00:00:00,"(7.802683999999998, 45.97306500000001)"
1,3,2500.0,Grenzgletscher,RGI60-11.02822,1980-01-01 00:00:00,1980-12-31 00:00:00,False,ablation area,2 km from terminus,107.06019,1980-07-01 12:00:00,"(7.774972, 45.97405300000001)"
2,4,1447.0,White Glacier,RGI60-03.04539,1979-01-01 00:00:00,1979-01-31 00:00:00,False,accumulation area,,252.92613,1979-01-16 00:00:00,"(-91.014641, 79.531432)"
2,5,625.0,White Glacier,RGI60-03.04539,1980-04-01 00:00:00,1980-04-30 00:00:00,True,ablation area,,319.5601200000001,1980-04-15 12:00:00,"(-90.756867, 79.474711)"
2,6,230.0,White Glacier,RGI60-03.04539,1979-04-01 00:00:00,1979-04-30 00:00:00,True,ablation area,,99.49599,1979-04-15 12:00:00,"(-90.645269, 79.440386)"
5,7,6340.0,Illimani Volcano,RGI60-16.00486,1999-06-04 00:00:00,1999-06-05 00:00:00,True,summit region,,138.17503,1999-06-04 12:00:00,"(-67.783333, -16.65)"
6,8,4300.0,Mont Blanc,RGI60-11.03646,1999-01-01 00:00:00,1999-12-31 00:00:00,True,summit region,,39.735497,1999-07-02 00:00:00,"(6.843715, 45.842712)"
6,9,4300.0,Mont Blanc,RGI60-11.03646,2011-01-01 00:00:00,2011-12-31 00:00:00,False,summit region,,32.798145,2011-07-02 00:00:00,"(6.843715, 45.842712)"
6,10,4245.0,Mont Blanc,RGI60-11.03646,1994-01-01 00:00:00,1994-12-31 00:00:00,True,summit region,,125.645164,1994-07-02 00:00:00,"(6.8467193, 45.842144)"
6,11,4245.0,Mont Blanc,RGI60-11.03646,2005-01-01 00:00:00,2005-12-31 00:00:00,False,summit region,,113.60224,2005-07-02 00:00:00,"(6.8467193, 45.842144)"
6,12,4245.0,Mont Blanc,RGI60-11.03646,2010-01-01 00:00:00,2010-12-31 00:00:00,False,summit region,,112.51325,2010-07-02 00:00:00,"(6.8467193, 45.842144)"
6,13,4255.0,Mont Blanc,RGI60-11.03646,1999-01-01 00:00:00,1999-12-31 00:00:00,True,summit region,,103.09302,1999-07-02 00:00:00,"(6.8489327000000015, 45.84037)"
6,14,4255.0,Mont Blanc,RGI60-11.03646,2011-01-01 00:00:00,2011-12-31 00:00:00,False,summit region,,96.952065,2011-07-02 00:00:00,"(6.8489327000000015, 45.84037)"
8,15,4470.0,Grenzgletscher,RGI60-11.02822,1991-10-26 00:00:00,1991-10-26 00:00:00,False,accumulation area,CG91-B/91,27.997086,1991-10-26 00:00:00,"(7.875256863535904, 45.928528832725455)"
8,16,4470.0,Grenzgletscher,RGI60-11.02822,2007-11-03 00:00:00,2007-11-03 00:00:00,True,accumulation area,CG07-1/07,34.92504,2007-11-03 00:00:00,"(7.875282501042355, 45.92851074229338)"
8,17,4250.0,Grenzgletscher,RGI60-11.02822,1991-10-26 00:00:00,1991-10-26 00:00:00,False,accumulation area,GG91-D,30.060822,1991-10-26 00:00:00,"(7.87045056883325, 45.92386971565212)"
8,18,4250.0,Grenzgletscher,RGI60-11.02822,1999-05-01 00:00:00,1999-05-31 00:00:00,False,accumulation area,GG99-12,22.035057,1999-05-16 00:00:00,"(7.870477126831428, 45.923968564144175)"
8,19,4250.0,Grenzgletscher,RGI60-11.02822,2008-08-25 00:00:00,2008-08-25 00:00:00,False,accumulation area,GG08-5/08,25.058489,2008-08-25 00:00:00,"(7.87045056883325, 45.92386971565212)"
12,20,2065.0,Athabasca Glacier,RGI60-02.12441,1970-09-22 00:00:00,1970-09-22 00:00:00,False,ablation area,Hole N,10.0,1970-09-22 00:00:00,"(-117.23517, 52.20682)"
12,21,2275.0,Athabasca Glacier,RGI60-02.12441,1970-09-22 00:00:00,1970-09-22 00:00:00,False,ablation area,Hole D,9.979591,1970-09-22 00:00:00,"(-117.26113, 52.18602)"
12,22,2170.0,Athabasca Glacier,RGI60-02.12441,1970-09-22 00:00:00,1970-09-22 00:00:00,False,ablation area,Hole L,9.959184,1970-09-22 00:00:00,"(-117.24918999999998, 52.19837)"
12,23,3200.0,Athabasca Glacier,RGI60-02.12441,1967-08-18 00:00:00,1967-08-18 00:00:00,False,accumulation area,Hole A,10.0,1967-08-18 00:00:00,"(-117.30924, 52.17594)"
12,24,2910.0,Athabasca Glacier,RGI60-02.12441,1967-08-18 00:00:00,1967-08-18 00:00:00,False,accumulation area,Hole B,10.0,1967-08-18 00:00:00,"(-117.30632, 52.16331)"
12,25,2730.0,Athabasca Glacier,RGI60-02.12441,1967-08-18 00:00:00,1967-08-18 00:00:00,False,accumulation area,Hole C,10.0,1967-08-18 00:00:00,"(-117.28074, 52.1631)"
12,26,2235.0,Athabasca Glacier,RGI60-02.12441,1986-04-25 00:00:00,1986-04-25 00:00:00,False,ablation area,Hole E; only ice temperatures,10.011407,1986-04-25 00:00:00,"(-117.25327, 52.1885)"
12,27,2230.0,Athabasca Glacier,RGI60-02.12441,1986-04-24 00:00:00,1986-04-24 00:00:00,False,ablation area,Hole H; only ice temperatures,9.992662,1986-04-24 00:00:00,"(-117.25808, 52.19224000000001)"
12,28,2115.0,Athabasca Glacier,RGI60-02.12441,1986-04-24 00:00:00,1986-04-24 00:00:00,False,ablation area,Hole M; only ice temperatures,9.987388,1986-04-24 00:00:00,"(-117.24085, 52.20112)"
13,29,1791.0,Seward Glacier,RGI60-01.13696,1948-07-12 00:00:00,1948-07-12 00:00:00,False,accumulation area,"firn temps, original depth data in feet",4.1237452,1948-07-12 00:00:00,"(-139.961054, 60.369155000000006)"
15,30,3540.0,Jungfraufirn,RGI60-11.01450,1991-08-27 00:00:00,1991-08-27 00:00:00,False,accumulation area,bh 91-3; other measurement dates available,20.0,1991-08-27 00:00:00,"(7.971253999999999, 46.53761400000001)"
15,31,3410.0,Jungfraufirn,RGI60-11.01450,1991-08-27 00:00:00,1991-08-27 00:00:00,False,accumulation area,bh 91-2; other measurement dates available,20.036009,1991-08-27 00:00:00,"(7.978183, 46.541514)"
15,32,3530.0,Jungfraufirn,RGI60-11.01450,1991-08-27 00:00:00,1991-08-27 00:00:00,False,accumulation area,bh 91-5; other measurement dates available,20.0,1991-08-27 00:00:00,"(8.002083, 46.549684)"
15,33,4452.0,Grenzgletscher,RGI60-11.02822,1991-08-02 00:00:00,1991-08-02 00:00:00,False,accumulation area,bh 91-1,29.042665000000003,1991-08-02 00:00:00,"(7.8767559999999985, 45.93033)"
15,34,4300.0,Grenzgletscher,RGI60-11.02822,1994-04-30 00:00:00,1994-04-30 00:00:00,False,accumulation area,bh 94-1,13.994534,1994-04-30 00:00:00,"(7.871769, 45.923589)"
15,35,4100.0,Grenzgletscher,RGI60-11.02822,1994-06-01 00:00:00,1994-06-01 00:00:00,False,accumulation area,bh 94-2,13.998122,1994-06-01 00:00:00,"(7.862049000000002, 45.924076)"
15,36,4200.0,Grenzgletscher,RGI60-11.02822,1994-10-31 00:00:00,1994-10-31 00:00:00,False,accumulation area,bh 94-A,117.84531,1994-10-31 00:00:00,"(7.866534, 45.922507)"
16,37,4250.0,Col du Dôme/Bossons,RGI60-11.03646,1994-06-01 00:00:00,1994-06-30 00:00:00,False,accumulation area,,125.50842,1994-06-15 12:00:00,"(6.847641, 45.841407)"
16,38,4259.0,Col du Dôme/Bossons,RGI60-11.03646,2005-01-01 00:00:00,2005-04-30 00:00:00,False,accumulation area,,112.85359,2005-03-01 12:00:00,"(6.847641, 45.841407)"
18,40,367.0,Kongsvegen,RGI60-07.01481,1992-01-01 00:00:00,1992-12-31 00:00:00,False,ablation area,"bh K1; data from Hagen, 1992.",251.83565,1992-07-01 12:00:00,"(12.881844, 78.811214)"
18,41,635.0,Kongsvegen,RGI60-07.01481,1992-01-01 00:00:00,1992-12-31 00:00:00,True,accumulation area,bh K2; data from Hagen 1992,324.36673,1992-07-01 12:00:00,"(13.335257999999998, 78.759108)"
18,42,180.0,Midtre Lovenbreen,RGI60-07.00493,1992-01-01 00:00:00,1992-12-31 00:00:00,True,ablation area,bh L3; data from Hagen 1992,122.98235,1992-07-01 12:00:00,"(12.04861, 78.8878)"
18,43,380.0,Midtre Lovenbreen,RGI60-07.00493,1992-01-01 00:00:00,1992-12-31 00:00:00,True,accumulation area,bh L9; data from Hagen 1992,112.501564,1992-07-01 12:00:00,"(11.99866, 78.87204)"
18,44,175.0,Austre Broggerbreen,RGI60-07.00504,1992-01-01 00:00:00,1992-12-31 00:00:00,True,ablation area,bh B5; data from Hagen 1992,107.0724,1992-07-01 12:00:00,"(11.83762, 78.8955)"
18,45,375.0,Austre Broggerbreen,RGI60-07.00504,1992-01-01 00:00:00,1992-12-31 00:00:00,True,accumulation area,bh B11; data from Hagen 1992,107.20889,1992-07-01 12:00:00,"(11.92096, 78.88008)"
19,46,80.0,Laika Ice Cap,RGI60-03.01427,1975-08-01 00:00:00,1975-08-31 00:00:00,False,ablation area,X1,60.58282,1975-08-16 00:00:00,"(-79.111864, 75.89793399999998)"
19,47,202.0,Laika Ice Cap,RGI60-03.01427,1975-08-01 00:00:00,1975-08-31 00:00:00,True,ablation area,X2,87.22561999999998,1975-08-16 00:00:00,"(-79.129082, 75.89683000000002)"
19,48,315.0,Laika Ice Cap,RGI60-03.01427,1975-08-01 00:00:00,1975-08-31 00:00:00,False,around ELA,X3,76.47993000000002,1975-08-16 00:00:00,"(-79.14445620000002, 75.89527629999998)"
19,49,390.0,Laika Ice Cap,RGI60-03.01427,1975-08-01 00:00:00,1975-08-31 00:00:00,False,accumulation area,X4,41.39508,1975-08-16 00:00:00,"(-79.16328709999998, 75.889619)"
19,50,527.0,Laika Ice Cap,RGI60-03.01427,1975-08-01 00:00:00,1975-08-31 00:00:00,False,accumulation area,X5,38.073395,1975-08-16 00:00:00,"(-79.18014720000002, 75.88171650000002)"
21,51,2220.0,Trapridge Glacier,RGI60-01.16315,1980-01-01 00:00:00,1980-12-31 00:00:00,True,below surge bulge,#3,21.4677,1980-07-01 12:00:00,"(-140.32565, 61.22458)"
21,52,2320.0,Trapridge Glacier,RGI60-01.16315,1980-01-01 00:00:00,1980-12-31 00:00:00,True,at surge bulge,#6,30.21804,1980-07-01 12:00:00,"(-140.32904, 61.22435)"
21,53,2420.0,Trapridge Glacier,RGI60-01.16315,1980-01-01 00:00:00,1980-12-31 00:00:00,True,above surge bulge,#9,49.821663,1980-07-01 12:00:00,"(-140.33217, 61.22416)"
21,54,2500.0,Trapridge Glacier,RGI60-01.16315,1980-01-01 00:00:00,1980-12-31 00:00:00,True,above surge bulge,#11,64.55897,1980-07-01 12:00:00,"(-140.33531000000002, 61.22379)"
23,55,1100.0,John Evans Glacier,RGI60-03.00545,1997-01-01 00:00:00,1999-12-31 00:00:00,False,accumulation area,#1,15.0,1998-07-02 00:00:00,"(-74.52663390000002, 79.7072458)"
23,56,975.0,John Evans Glacier,RGI60-03.00545,1997-01-01 00:00:00,1999-12-31 00:00:00,False,accumulation area,#4,15.0,1998-07-02 00:00:00,"(-74.4592733, 79.6860756)"
23,57,900.0,John Evans Glacier,RGI60-03.00545,1997-01-01 00:00:00,1999-12-31 00:00:00,False,accumulation area,#6,15.0,1998-07-02 00:00:00,"(-74.4332913, 79.6800437)"
23,58,575.0,John Evans Glacier,RGI60-03.00545,1997-01-01 00:00:00,1999-12-31 00:00:00,False,ablation area,#10,15.0,1998-07-02 00:00:00,"(-74.2047463, 79.64827559999998)"
24,59,1750.0,McCall Glacier,RGI60-01.02228,2008-01-01 00:00:00,2008-12-31 00:00:00,True,ablation area,JJMC,115.0568209,2008-07-01 12:00:00,"(-143.85342305369088, 69.31532660322318)"
24,60,2100.0,McCall Glacier,RGI60-01.02228,2008-01-01 00:00:00,2008-12-31 00:00:00,True,accumulation area,LC,178.693175,2008-07-01 12:00:00,"(-143.8317476258129, 69.2832550487697)"
24,61,2400.0,McCall Glacier,RGI60-01.02228,2008-01-01 00:00:00,2008-12-31 00:00:00,True,accumulation area,UC,140.05682,2008-07-01 12:00:00,"(-143.790144314234, 69.29528808102485)"
25,62,3450.0,Sofiyskiy Glacier,RGI60-10.01836,2000-07-01 00:00:00,2000-07-31 00:00:00,False,accumulation area,,12.120941,2000-07-16 00:00:00,"(87.73221241, 49.793715)"
25,63,3440.0,Sofiyskiy Glacier,RGI60-10.01836,2001-07-01 00:00:00,2000-07-31 00:00:00,False,accumulation area,,25.4518,2001-01-14 12:00:00,"(87.73221241, 49.793715)"
26,64,3141.0,Glacier de Tête Rousse,RGI60-11.03438,2010-09-01 00:00:00,2010-09-30 00:00:00,True,,,32.35858,2010-09-15 12:00:00,"(6.817813709, 45.8569236)"
26,65,3159.0,Glacier de Tête Rousse,RGI60-11.03438,2010-09-01 00:00:00,2010-09-30 00:00:00,False,,,46.26741,2010-09-15 12:00:00,"(6.818435414, 45.8567718)"
26,66,3168.0,Glacier de Tête Rousse,RGI60-11.03438,2010-09-01 00:00:00,2010-09-30 00:00:00,True,,,66.14525,2010-09-15 12:00:00,"(6.818827044, 45.8567264)"
26,67,3176.0,Glacier de Tête Rousse,RGI60-11.03438,2010-09-01 00:00:00,2010-09-30 00:00:00,True,,,69.331474,2010-09-15 12:00:00,"(6.819218674, 45.856787)"
26,68,3181.0,Glacier de Tête Rousse,RGI60-11.03438,2010-09-01 00:00:00,2010-09-30 00:00:00,False,,,50.50258,2010-09-15 12:00:00,"(6.819786487000001, 45.8567248)"
26,69,3186.0,Glacier de Tête Rousse,RGI60-11.03438,2010-09-01 00:00:00,2010-09-30 00:00:00,True,,,61.977932,2010-09-15 12:00:00,"(6.8202679360000005, 45.8567151)"
26,70,3207.0,Glacier de Tête Rousse,RGI60-11.03438,2010-09-01 00:00:00,2010-09-30 00:00:00,True,,,69.83287,2010-09-15 12:00:00,"(6.820819900000001, 45.856505)"
27,71,3410.0,Taconnaz Glacier,RGI60-11.03647,2012-01-01 00:00:00,2012-12-31 00:00:00,False,accumulation area,,78.94578,2012-07-01 12:00:00,"(6.840015556, 45.8578979)"
27,72,3680.0,Taconnaz Glacier,RGI60-11.03647,2008-01-01 00:00:00,2008-12-31 00:00:00,False,accumulation area,,113.14335,2008-07-01 12:00:00,"(6.839661853, 45.8534203)"
27,73,3780.0,Taconnaz Glacier,RGI60-11.03647,2008-01-01 00:00:00,2008-12-31 00:00:00,False,accumulation area,,93.75074,2008-07-01 12:00:00,"(6.836228851, 45.8511161)"
27,74,4080.0,Taconnaz Glacier,RGI60-11.03647,2008-01-01 00:00:00,2008-12-31 00:00:00,True,accumulation area,,70.830215,2008-07-01 12:00:00,"(6.8396410460000014, 45.8468843)"
27,75,4030.0,Taconnaz Glacier,RGI60-11.03647,2013-01-01 00:00:00,2013-12-31 00:00:00,False,accumulation area,,79.29025,2013-07-02 00:00:00,"(6.84825476, 45.8518841)"
28,76,1760.0,Steele Glacier,RGI60-01.16377,1974-09-05 00:00:00,1974-09-05 00:00:00,False,ablation area,"73-2; post surge (anomalous T5 & T7), estimated elevation",107.38557,1974-09-05 00:00:00,"(-140.184505, 61.2564058)"
28,77,1400.0,Steele Glacier,RGI60-01.16377,1974-09-05 00:00:00,1974-09-05 00:00:00,False,ablation area,"73-3; post surge (""normal), estimated elevation",86.68808,1974-09-05 00:00:00,"(-140.01457, 61.2867816)"
29,78,2295.0,Fox Glacier,RGI60-01.16374,1969-01-01 00:00:00,1969-12-31 00:00:00,True,,#1,47.805428000000006,1969-07-02 00:00:00,"(-140.297788, 61.2023142)"
29,79,2455.0,Fox Glacier,RGI60-01.16374,1969-01-01 00:00:00,1969-12-31 00:00:00,False,,#2,32.665245,1969-07-02 00:00:00,"(-140.2932, 61.1962048)"
29,80,2550.0,Fox Glacier,RGI60-01.16374,1969-01-01 00:00:00,1969-12-31 00:00:00,False,,#3,29.845924,1969-07-02 00:00:00,"(-140.284356, 61.19503910000001)"
29,81,2374.0,Fox Glacier,RGI60-01.16374,1969-01-01 00:00:00,1969-12-31 00:00:00,False,,#4,14.771926,1969-07-02 00:00:00,"(-140.296203, 61.19929980000001)"
29,82,2244.0,Fox Glacier,RGI60-01.16374,1969-01-01 00:00:00,1969-12-31 00:00:00,True,,#5,26.899837,1969-07-02 00:00:00,"(-140.29904, 61.2051273)"
29,83,2188.0,Fox Glacier,RGI60-01.16374,1969-01-01 00:00:00,1969-12-31 00:00:00,True,,#6,31.269886,1969-07-02 00:00:00,"(-140.30045800000002, 61.2078598)"
30,84,2467.0,Gornergletscher,RGI60-11.02822,2006-01-01 00:00:00,2006-12-31 00:00:00,True,ablation area,BH4,358.64453,2006-07-02 00:00:00,"(7.787504450449747, 45.970304023223235)"
30,85,2492.0,Gornergletscher,RGI60-11.02822,2007-01-01 00:00:00,2007-12-31 00:00:00,True,ablation area,BHT3,249.59999,2007-07-02 00:00:00,"(7.793497013504011, 45.97133779023581)"
30,86,2501.0,Gornergletscher,RGI60-11.02822,2007-01-01 00:00:00,2007-12-31 00:00:00,True,ablation area,BHT2,281.94366,2007-07-02 00:00:00,"(7.796607785633238, 45.96961880912803)"
30,87,2496.0,Gornergletscher,RGI60-11.02822,2004-01-01 00:00:00,2004-12-31 00:00:00,True,ablation area,BH430,178.56343,2004-07-01 12:00:00,"(7.794127343270647, 45.96708093427006)"
30,88,2516.0,Gornergletscher,RGI60-11.02822,2006-01-01 00:00:00,2006-12-31 00:00:00,True,ablation area,BHC,347.7145,2006-07-02 00:00:00,"(7.798326990144357, 45.966213037937024)"
30,89,2492.0,Gornergletscher,RGI60-11.02822,2006-01-01 00:00:00,2006-12-31 00:00:00,True,ablation area,BH210,186.05042,2006-07-02 00:00:00,"(7.803167201298335, 45.96858129382986)"
31,90,5600.0,Rikha Samba Glacier,RGI60-15.04847,2014-01-01 00:00:00,2015-12-31 00:00:00,False,ablation area,,9.991856,2014-12-31 12:00:00,"(83.49651866181934, 28.808614293423577)"
7,91,4450.0,Grenzgletscher,RGI60-11.02822,1977-01-01 00:00:00,1978-12-31 00:00:00,True,accumulation area,B82-1,120.691826,1977-12-31 12:00:00,"(7.874314858078456, 45.92993056253767)"
32,92,3340.0,Murtèl-Corvatsch,RGI60-11.01962,1999-09-14 00:00:00,1999-09-14 00:00:00,False,,,12.909711,1999-09-14 00:00:00,"(9.8211, 46.4152)"
32,93,3340.0,Murtèl-Corvatsch,RGI60-11.01962,1999-12-01 00:00:00,1999-12-01 00:00:00,False,,,12.956731,1999-12-01 00:00:00,"(9.8211, 46.4152)"
32,94,3340.0,Murtèl-Corvatsch,RGI60-11.01962,2000-04-05 00:00:00,2000-04-05 00:00:00,False,,,12.973557,2000-04-05 00:00:00,"(9.8211, 46.4152)"
32,95,3340.0,Murtèl-Corvatsch,RGI60-11.01962,2000-06-19 00:00:00,2000-06-19 00:00:00,False,,,13.024038,2000-06-19 00:00:00,"(9.8211, 46.4152)"
32,96,3340.0,Murtèl-Corvatsch,RGI60-11.01962,2000-09-20 00:00:00,2000-09-20 00:00:00,False,,,12.973557,2000-09-20 00:00:00,"(9.8211, 46.4152)"
33,97,1860.0,Black Rapids Glacier,RGI60-01.00037,1973-04-03 00:00:00,1973-04-03 00:00:00,False,accumulation area,firn temps; snow temps also available,11.660482,1973-04-03 00:00:00,"(-146.516929, 63.442926)"
33,98,1860.0,Black Rapids Glacier,RGI60-01.00037,1973-07-19 00:00:00,1973-07-19 00:00:00,False,accumulation area,firn temps; snow temps also available,11.629196,1973-07-19 00:00:00,"(-146.516929, 63.442926)"
33,99,1550.0,Black Rapids Glacier,RGI60-01.00037,1973-04-03 00:00:00,1973-04-03 00:00:00,False,ablation area,ice temp; snow temp also available,10.127571,1973-04-03 00:00:00,"(-146.406772, 63.4833402)"
33,100,1550.0,Black Rapids Glacier,RGI60-01.00037,1973-07-20 00:00:00,1973-07-20 00:00:00,False,ablation area,ice temp; snow temp also available; surface at first datapoint.,10.158532,1973-07-20 00:00:00,"(-146.406772, 63.4833402)"
33,101,1140.0,Black Rapids Glacier,RGI60-01.00037,1973-04-04 00:00:00,1973-04-04 00:00:00,False,ablation area,ice temp; snow temp also available,11.496543,1973-04-04 00:00:00,"(-146.14303700000005, 63.45532579999999)"
33,102,1149.0,Black Rapids Glacier,RGI60-01.00037,1973-07-23 00:00:00,1973-07-23 00:00:00,False,ablation area,ice temp; snow temp also available. Surface not first datpoint.,9.499839,1973-07-23 00:00:00,"(-146.14303700000005, 63.45532579999999)"
34,103,305.0,Scott Turnerbreen,RGI60-07.01050,1993-05-01 00:00:00,1993-05-31 00:00:00,True,,surged in 1936,53.68676800000001,1993-05-16 00:00:00,"(15.99040771, 78.11415799999997)"
34,104,595.0,Scott Turnerbreen,RGI60-07.01050,1995-05-01 00:00:00,1995-05-31 00:00:00,True,,surged in 1937,41.93016400000001,1995-05-16 00:00:00,"(15.88386431, 78.0954428)"
35,105,100.0,Hansbreen,RGI60-07.00240,1988-09-25 00:00:00,1988-09-25 00:00:00,False,,site A,59.992226,1988-09-25 00:00:00,"(15.60193332, 77.0189)"
35,106,128.0,Hansbreen,RGI60-07.00240,1994-10-05 00:00:00,1994-10-05 00:00:00,False,,site B2,175.1461,1994-10-05 00:00:00,"(15.65626762, 77.0275588)"
35,107,325.0,Hansbreen,RGI60-07.00240,1989-04-11 00:00:00,1989-04-11 00:00:00,False,,site D,100.26856,1989-04-11 00:00:00,"(15.63406651, 77.09160159999998)"
35,108,324.0,Hansbreen,RGI60-07.00240,1994-09-25 00:00:00,1994-09-25 00:00:00,True,,site D2,329.9933,1994-09-25 00:00:00,"(15.63406651, 77.09160159999998)"
35,109,405.0,Hansbreen,RGI60-07.00240,1995-10-05 00:00:00,1995-10-05 00:00:00,True,,site F,288.3737799999999,1995-10-05 00:00:00,"(15.53912754, 77.1073192)"
35,110,100.0,Hansbreen,RGI60-07.00240,1979-08-02 00:00:00,1979-08-02 00:00:00,False,,site G,24.923738,1979-08-02 00:00:00,"(15.59521456, 77.0196218)"
36,111,2460.0,Trapridge Glacier,RGI60-01.16315,1972-01-01 00:00:00,1973-12-31 00:00:00,False,,"hole 1,2, pre surge",71.835464,1972-12-31 00:00:00,"(-140.34572, 61.22429)"
36,112,2520.0,Trapridge Glacier,RGI60-01.16315,1972-01-01 00:00:00,1973-12-31 00:00:00,False,,"hole 3, pre surge",64.22793,1972-12-31 00:00:00,"(-140.35687, 61.22533000000001)"
36,113,2520.0,Trapridge Glacier,RGI60-01.16315,1972-01-01 00:00:00,1973-12-31 00:00:00,False,,"hole 4, pre surge",87.556854,1972-12-31 00:00:00,"(-140.35467, 61.2234)"
36,114,2420.0,Trapridge Glacier,RGI60-01.16315,1972-01-01 00:00:00,1973-12-31 00:00:00,False,,"hole 5, pre surge",50.36293,1972-12-31 00:00:00,"(-140.34123, 61.2219)"
36,115,2300.0,Trapridge Glacier,RGI60-01.16315,1972-01-01 00:00:00,1973-12-31 00:00:00,False,,"hole 6, pre surge",43.074364,1972-12-31 00:00:00,"(-140.33176, 61.22427)"
36,116,2140.0,Trapridge Glacier,RGI60-01.16315,1972-01-01 00:00:00,1973-12-31 00:00:00,False,,"hole 7, pre surge",11.084167,1972-12-31 00:00:00,"(-140.31965, 61.22578000000001)"
36,117,2600.0,Trapridge Glacier,RGI60-01.16315,1972-01-01 00:00:00,1973-12-31 00:00:00,False,,"hole 8, pre surge",37.294136,1972-12-31 00:00:00,"(-140.35455, 61.21813)"
37,118,430.0,Waldemarbreen,RGI60-07.00492,2018-01-01 00:00:00,2019-12-31 00:00:00,False,accumulation area,,10.0,2018-12-31 12:00:00,"(12.119033900000002, 78.68016920000002)"
37,119,430.0,Waldemarbreen,RGI60-07.00492,2007-01-01 00:00:00,2008-12-31 00:00:00,False,accumulation area,,10.0,2008-01-01 00:00:00,"(12.119033900000002, 78.68016920000002)"
38,120,5161.0,Guanaco Glacier,RGI60-17.14868,2011-04-04 00:00:00,2011-04-04 00:00:00,True,,,112.28855,2011-04-04 00:00:00,"(-70.014, -29.35)"
38,121,5161.0,Guanaco Glacier,RGI60-17.14868,2011-10-23 00:00:00,2011-10-23 00:00:00,True,,,112.476425,2011-10-23 00:00:00,"(-70.014, -29.35)"
39,122,1000.0,Lomonosovfonna,RGI60-07.00570,1976-01-01 00:00:00,1976-12-31 00:00:00,,,accuracy = minimum accuracy,102.33341,1976-07-01 12:00:00,"(17.6, 78.81)"
39,123,580.0,Vestfonna,RGI60-07.01510,1981-01-01 00:00:00,1981-12-31 00:00:00,,,accuracy = minimum accuracy,76.51771,1981-07-02 00:00:00,"(19.52, 79.93)"
39,124,600.0,Vestfonna,RGI60-07.01499,1995-01-01 00:00:00,1995-12-31 00:00:00,,,accuracy = minimum accuracy,198.27167,1995-07-02 00:00:00,"(21.02, 79.97)"
39,125,750.0,Austfonna,RGI60-07.00551,1987-01-01 00:00:00,1987-12-31 00:00:00,,,#1; accuracy = minimum accuracy,560.7595,1987-07-02 00:00:00,"(24.14, 79.85)"
39,126,1200.0,Høghetta,RGI60-07.00844,1987-01-01 00:00:00,1987-12-31 00:00:00,,,accuracy = minimum accuracy,81.935936,1987-07-02 00:00:00,"(16.83, 79.28)"
39,127,1190.0,Snøfjellafonna,RGI60-07.01464,1992-01-01 00:00:00,1992-12-31 00:00:00,,,accuracy = minimum accuracy,180.0983,1992-07-01 12:00:00,"(13.3, 79.13)"
39,128,1140.0,Åsgårdfonna,RGI60-07.00871,1993-01-01 00:00:00,1993-12-31 00:00:00,,,accuracy = minimum accuracy,71.76243000000002,1993-07-02 00:00:00,"(16.72, 79.45)"
39,129,665.0,Vavilova Ice Dome,RGI60-09.00472,1978-01-01 00:00:00,1979-12-31 00:00:00,,,#1; accuracy = minimum accuracy,469.41077,1978-12-31 12:00:00,"(95.35, 79.45)"
39,130,720.0,Vavilova Ice Dome,RGI60-09.00472,1982-01-01 00:00:00,1982-12-31 00:00:00,,,#2; accuracy = minimum accuracy,154.36123999999995,1982-07-02 00:00:00,"(95.08, 79.5)"
39,131,720.0,Vavilova Ice Dome,RGI60-09.00470,1983-01-01 00:00:00,1983-12-31 00:00:00,,,#4; accuracy = minimum accuracy,470.72452,1983-07-02 00:00:00,"(96.02, 79.32)"
39,132,680.0,Vavilova Ice Dome,RGI60-09.00468,1984-01-01 00:00:00,1984-12-31 00:00:00,,,#5; accuracy = minimum accuracy,112.27923,1984-07-01 12:00:00,"(95.72, 79.38)"
39,133,780.0,Akademii Nauk Ice Dome,RGI60-09.00920,1986-01-01 00:00:00,1987-12-31 00:00:00,,,#1; accuracy = minimum accuracy,528.29395,1986-12-31 12:00:00,"(94.83, 80.5)"
39,134,780.0,Akademii Nauk Ice Dome,RGI60-09.00920,1999-01-01 00:00:00,2001-12-31 00:00:00,,,#2; accuracy = minimum accuracy,743.0321,2000-07-01 12:00:00,"(94.8, 80.52)"
39,135,505.0,Vetreniy Ice Dome,RGI60-09.00986,1997-01-01 00:00:00,1997-12-31 00:00:00,,,accuracy = minimum accuracy,317.61172,1997-07-02 00:00:00,"(63.55, 80.78)"
40,136,3840.0,Urumqi Glacier No. 1,RGI60-13.45335,1986-01-01 00:00:00,1986-12-31 00:00:00,,,,24.539124,1986-07-02 00:00:00,"(86.81283014, 43.1154866)"
40,137,3840.0,Urumqi Glacier No. 1,RGI60-13.45335,2001-01-01 00:00:00,2001-12-31 00:00:00,,,,24.435087,2001-07-02 00:00:00,"(86.81283014, 43.1154866)"
40,138,3840.0,Urumqi Glacier No. 1,RGI60-13.45335,2006-01-01 00:00:00,2006-12-31 00:00:00,,,,20.053928,2006-07-02 00:00:00,"(86.81283014, 43.1154866)"
41,139,3815.0,Tsambagarav,RGI60-10.02705,2008-06-01 00:00:00,2008-06-30 00:00:00,,accumulation area,elevation and coords don't match,40.484177,2008-06-15 12:00:00,"(90.95, 48.633)"
41,140,4512.0,Miaoergou,RGI60-13.48412,2005-08-01 00:00:00,2005-08-31 00:00:00,,accumulation area,elevation and coords don't match,59.881023,2005-08-16 00:00:00,"(94.316, 43.05)"
41,141,5356.0,Shule Nanshan,RGI60-13.32800,2007-06-01 00:00:00,2007-06-30 00:00:00,,accumulation area,elevation and coords don't match,91.91344,2007-06-15 12:00:00,"(97.267, 38.7)"
41,142,6303.0,Gyabrag,RGI60-15.10175,2005-10-01 00:00:00,2005-10-31 00:00:00,,accumulation area,elevation and coords don't match,68.63636,2005-10-16 00:00:00,"(86.633, 28.17)"
10,143,4480.0,Gornergletscher,RGI60-11.02822,1996-01-01 00:00:00,1997-12-31 00:00:00,True,accumulation area,b95-1,61.775146,1996-12-31 00:00:00,"(7.875929714423183, 45.92819950459916)"
10,144,4450.0,Gornergletscher,RGI60-11.02822,1996-01-01 00:00:00,1997-12-31 00:00:00,True,accumulation area,b95-2,101.41844,1996-12-31 00:00:00,"(7.873646966261461, 45.929118018309836)"
10,297,4450.0,Gornergletscher,RGI60-11.02822,1983-01-01 00:00:00,1983-12-31 00:00:00,False,,b82-1,14.422261,1983-07-02 00:00:00,"(inf, inf)"
46,145,5800.0,Chongce Ice Cap,RGI60-13.53222,1987-01-01 00:00:00,1987-12-31 00:00:00,,,S0,12.908061,1987-07-02 00:00:00,"(81.11527554, 35.22177929999999)"
46,146,5975.0,Chongce Ice Cap,RGI60-13.53222,1987-01-01 00:00:00,1987-12-31 00:00:00,,,S4,34.464737,1987-07-02 00:00:00,"(81.11135593, 35.2351867)"
46,147,6120.0,Chongce Ice Cap,RGI60-13.53222,1987-01-01 00:00:00,1987-12-31 00:00:00,,,S8,25.380865,1987-07-02 00:00:00,"(81.10829374, 35.24619110000001)"
46,148,6325.0,Chongce Ice Cap,RGI60-13.53222,1987-01-01 00:00:00,1987-12-31 00:00:00,,,S12,86.518135,1987-07-02 00:00:00,"(81.10065704, 35.26191)"
46,149,3840.0,Urumqi Glacier No. 1,RGI60-13.45335,1986-09-27 00:00:00,1986-09-27 00:00:00,False,,T1,102.96406,1986-09-27 00:00:00,"(86.81283014, 43.1154866)"
46,150,3960.0,Urumqi Glacier No. 1,RGI60-13.45335,1986-09-27 00:00:00,1986-09-27 00:00:00,False,,T2,106.5726,1986-09-27 00:00:00,"(86.80957723, 43.1110594)"
46,151,4050.0,Urumqi Glacier No. 1,RGI60-13.45335,1986-09-27 00:00:00,1986-09-27 00:00:00,True,,T3,104.0266,1986-09-27 00:00:00,"(86.80647755, 43.1060367)"
47,152,6070.0,Glaciar La Ollada (Mercedario),RGI60-17.14412,,,,,,112.42013500000002,,"(-70.12193520000001, -31.962011)"
47,153,5161.0,Guanaco Glacier,RGI60-17.14868,,,,,,35.708122,,"(-70.014, -29.35)"
48,154,5536.0,Tapado Glacier,RGI60-17.14647,1992-02-01 00:00:00,1992-02-29 00:00:00,True,,,44.663258,1992-02-15 00:00:00,"(-69.931488, -30.140241)"
50,155,4884.0,Khumbu Glacier,RGI60-15.03733,2017-05-01 00:00:00,2017-05-31 00:00:00,,,,22.585524,2017-05-16 00:00:00,"(86.81773669, 27.9437778)"
50,156,4980.0,Khumbu Glacier,RGI60-15.03733,2017-05-01 00:00:00,2017-05-31 00:00:00,False,,,130.78897,2017-05-16 00:00:00,"(86.82870764, 27.9695686)"
50,157,5206.0,Khumbu Glacier,RGI60-15.03733,2017-05-01 00:00:00,2017-05-31 00:00:00,False,,,147.56631000000004,2017-05-16 00:00:00,"(86.84700289, 27.991737)"
51,158,1024.0,White Glacier,RGI60-03.04539,1974-08-25 00:00:00,1974-08-25 00:00:00,,,I,268.02673,1974-08-25 00:00:00,"(-90.8441553, 79.5082542)"
51,159,717.0,White Glacier,RGI60-03.04539,1974-08-25 00:00:00,1974-08-25 00:00:00,,,II,208.59747,1974-08-25 00:00:00,"(-90.7876998, 79.48509859999999)"
51,160,626.0,White Glacier,RGI60-03.04539,1974-08-25 00:00:00,1974-08-25 00:00:00,,,III,10.0,1974-08-25 00:00:00,"(-90.7527512, 79.4731948)"
52,161,3920.0,Upper Fremont Glacier,RGI60-02.18799,1990-01-01 00:00:00,1990-12-31 00:00:00,False,,plus/minus 0.4°C,189.18008,1990-07-02 00:00:00,"(-109.609941, 43.13396510000001)"
54,162,204.0,Finsterwalderbreen,RGI60-07.00231,1994-04-01 00:00:00,1994-04-30 00:00:00,True,ablation area,,100.215515,1994-04-15 12:00:00,"(15.25323517, 77.4924878)"
54,163,580.0,Finsterwalderbreen,RGI60-07.00231,1995-04-01 00:00:00,1995-04-30 00:00:00,True,accumulation area,,197.91336,1995-04-15 12:00:00,"(15.22366244, 77.4366271)"
55,164,2140.0,Athabasca Glacier,RGI60-02.12441,1967-04-01 00:00:00,1967-06-30 00:00:00,False,hole 209,took average of two measurements,53.85376700000001,1967-05-16 00:00:00,"(-117.24299, 52.19942)"
55,165,2075.0,Athabasca Glacier,RGI60-02.12441,1967-06-30 00:00:00,1969-08-31 00:00:00,False,hole 72,took average of two measurements,55.779236,1968-07-30 12:00:00,"(-117.23711000000002, 52.20423)"
55,166,2235.0,Athabasca Glacier,RGI60-02.12441,1968-08-01 00:00:00,1969-08-31 00:00:00,False,hole 100,took average of two measurements,39.94509,1969-02-14 12:00:00,"(-117.25908, 52.19258)"
56,167,1400.0,Storglaciären,RGI60-08.00213,2002-04-01 00:00:00,2002-04-30 00:00:00,False,,,70.05877,2002-04-15 12:00:00,"(18.56956375, 67.9036926)"
57,168,4130.0,Khukh Nuru Uul glacier,RGI60-10.02656,2009-07-01 00:00:00,2007-07-31 00:00:00,True,,,347.91922,2008-07-15 12:00:00,"(90.84707854, 48.6556404)"
58,169,2516.0,Grenzgletscher,RGI60-11.02822,2006-05-28 00:00:00,2006-05-28 00:00:00,True,ablation area,l5,236.20523,2006-05-28 00:00:00,"(7.798326990144357, 45.966213037937024)"
58,170,2468.0,Grenzgletscher,RGI60-11.02822,2005-06-11 00:00:00,2005-06-11 00:00:00,False,ablation area,ll5,202.05267,2005-06-11 00:00:00,"(7.787504450449747, 45.970304023223235)"
58,171,2485.0,Grenzgletscher,RGI60-11.02822,2010-06-15 00:00:00,2010-06-15 00:00:00,False,ablation area,f13,317.6466700000001,2010-06-15 00:00:00,"(7.792569799429229, 45.97159257938391)"
58,172,2501.0,Grenzgletscher,RGI60-11.02822,2007-05-27 00:00:00,2007-05-27 00:00:00,False,ablation area,f9,293.1681200000001,2007-05-27 00:00:00,"(7.796607785633238, 45.96961880912803)"
58,173,2514.0,Grenzgletscher,RGI60-11.02822,2008-06-09 00:00:00,2008-06-09 00:00:00,False,ablation area,f5,179.88252,2008-06-09 00:00:00,"(7.799454977964712, 45.96708199553546)"
58,174,2497.0,Grenzgletscher,RGI60-11.02822,2004-06-15 00:00:00,2004-06-15 00:00:00,True,ablation area,ll9,248.60405,2004-06-15 00:00:00,"(7.794127343270647, 45.96708093427006)"
58,175,2506.0,Grenzgletscher,RGI60-11.02822,2006-05-27 00:00:00,2006-05-27 00:00:00,True,ablation area,r6,302.71658,2006-05-27 00:00:00,"(7.800794985380827, 45.968795837859695)"
58,176,2499.0,Grenzgletscher,RGI60-11.02822,2010-06-13 00:00:00,2010-06-13 00:00:00,False,ablation area,l9a,296.84903,2010-06-13 00:00:00,"(7.795742361488747, 45.96945063987522)"
58,177,2522.0,Grenzgletscher,RGI60-11.02822,2008-06-10 00:00:00,2008-06-10 00:00:00,False,ablation area,f1,201.78978,2008-06-10 00:00:00,"(7.800062173779047, 45.965262959768815)"
58,178,2514.0,Grenzgletscher,RGI60-11.02822,2008-06-11 00:00:00,2008-06-11 00:00:00,False,ablation area,f3,40.302734,2008-06-11 00:00:00,"(7.797342518329778, 45.96558649088746)"
59,179,2600.0,Pio XI glacier,RGI60-17.05181,2006-08-01 00:00:00,2006-08-31 00:00:00,False,accumulation area,,140.53467,2006-08-16 00:00:00,"(-73.35356479999999, -49.278195)"
60,180,3875.0,Blichenok glacier,RGI60-10.04022,1996-01-01 00:00:00,1997-12-31 00:00:00,False,,BH1 (yearly average),211.738,1996-12-31 00:00:00,"(160.4685, 56.07338000000001)"
60,181,3875.0,Blichenok glacier,RGI60-10.04022,1998-01-01 00:00:00,1998-12-31 00:00:00,False,,K2,34.877907,1998-07-02 00:00:00,"(160.4679, 56.074062)"
61,182,2810.0,Glacier du Sex Rouge,RGI60-11.02244,2013-11-17 00:00:00,2013-11-17 00:00:00,False,,#1,34.47939,2013-11-17 00:00:00,"(7.212806551132894, 46.326568851956175)"
61,183,2780.0,Glacier du Sex Rouge,RGI60-11.02244,2014-09-11 00:00:00,2014-09-11 00:00:00,False,,#2,7.24,2014-09-11 00:00:00,"(7.212463147687207, 46.32795349509558)"
61,184,2855.0,St. Annafirn,RGI60-11.01367,2014-09-04 00:00:00,2014-09-04 00:00:00,False,,#6,8.35,2014-09-04 00:00:00,"(8.598254265638607, 46.59627684090494)"
61,185,2650.0,St. Annafirn,RGI60-11.01367,2013-10-03 00:00:00,2013-10-03 00:00:00,False,,#9,9.974684,2013-10-03 00:00:00,"(8.60133459542653, 46.60053677294216)"
62,186,420.0,Irenebreen,RGI60-07.00490,2008-01-01 00:00:00,2009-12-31 00:00:00,False,,annual mean,16.037598000000006,2008-12-31 00:00:00,"(12.13132, 78.67358)"
63,187,25.0,Erikbreen,RGI60-07.00768,1990-01-01 00:00:00,1992-12-31 00:00:00,False,,site1 min,15.502492000000002,1991-07-02 12:00:00,"(12.56989669, 79.59450129999998)"
63,188,25.0,Erikbreen,RGI60-07.00768,1990-01-01 00:00:00,1992-12-31 00:00:00,False,,site 1 max,20.417305,1991-07-02 12:00:00,"(12.56989669, 79.59450129999998)"
63,189,25.0,Erikbreen,RGI60-07.00768,1990-01-01 00:00:00,1992-12-31 00:00:00,False,,site 2 min,16.306864,1991-07-02 12:00:00,"(12.60153683, 79.59856429999998)"
63,190,25.0,Erikbreen,RGI60-07.00768,1990-01-01 00:00:00,1992-12-31 00:00:00,False,,site 2 max,13.6372385,1991-07-02 12:00:00,"(12.60153683, 79.59856429999998)"
63,191,70.0,Erikbreen,RGI60-07.00768,1990-01-01 00:00:00,1992-12-31 00:00:00,False,,site 3 min,13.374447,1991-07-02 12:00:00,"(12.58114652, 79.5995375)"
63,192,70.0,Erikbreen,RGI60-07.00768,1990-01-01 00:00:00,1992-12-31 00:00:00,False,,site 3 max,16.344088,1991-07-02 12:00:00,"(12.58114652, 79.5995375)"
63,193,375.0,Erikbreen,RGI60-07.00768,1990-01-01 00:00:00,1992-12-31 00:00:00,False,,site 7 min,15.381554,1991-07-02 12:00:00,"(12.51200694, 79.61868659999998)"
63,194,375.0,Erikbreen,RGI60-07.00768,1990-01-01 00:00:00,1992-12-31 00:00:00,False,,site 7 max,13.868178,1991-07-02 12:00:00,"(12.51200694, 79.61868659999998)"
63,195,540.0,Erikbreen,RGI60-07.00768,1990-01-01 00:00:00,1992-12-31 00:00:00,False,,site 9 min,13.404788,1991-07-02 12:00:00,"(12.42997693, 79.62265579999998)"
63,196,540.0,Erikbreen,RGI60-07.00768,1990-01-01 00:00:00,1992-12-31 00:00:00,False,,site 9 max,99.820145,1991-07-02 12:00:00,"(12.42997693, 79.62265579999998)"
64,197,5680.0,Malan Glacier,RGI60-13.48935,1999-01-01 00:00:00,1999-12-31 00:00:00,False,,,136.11049,1999-07-02 00:00:00,"(90.75000214, 35.8165362)"
66,198,5325.0,Dunde Ice Cap,RGI60-13.35422,1984-01-01 00:00:00,1984-12-31 00:00:00,,summit region,caption and legend do not agree,307.71115,1984-07-01 12:00:00,"(96.41680018, 38.1051653)"
67,199,6200.0,Giuliya Ice Cap,RGI60-13.53249,1992-01-01 00:00:00,1992-12-31 00:00:00,True,plateau region,caption and legend do not agree,309.9143,1992-07-01 12:00:00,"(81.46574059, 35.2308014)"
67,200,6200.0,Giuliya Ice Cap,RGI60-13.53249,2015-01-01 00:00:00,2015-12-31 00:00:00,True,plateau region,,16.156672,2015-07-02 00:00:00,"(81.46574059, 35.2308014)"
67,201,6710.0,Giuliya Ice Cap,RGI60-13.53249,1991-01-01 00:00:00,1991-12-31 00:00:00,,summit region,,49.9388,1991-07-02 00:00:00,"(81.49244657, 35.27507410000001)"
67,202,6710.0,Giuliya Ice Cap,RGI60-13.53249,2015-01-01 00:00:00,2015-12-31 00:00:00,,summit region,,125.70533,2015-07-02 00:00:00,"(81.49244657, 35.27507410000001)"
69,203,4250.0,Col du Dôme-Bossons,RGI60-11.03646,1994-01-01 00:00:00,1994-12-31 00:00:00,True,accumulation area,same data as in Vincent 2007?,113.08312,1994-07-02 00:00:00,"(6.846642185, 45.8417942)"
69,204,4250.0,Col du Dôme-Bossons,RGI60-11.03646,2005-01-01 00:00:00,2005-12-31 00:00:00,False,accumulation area,same data as in Vincent 2007?,112.699844,2005-07-02 00:00:00,"(6.846642185, 45.8417942)"
69,205,4250.0,Col du Dôme-Bossons,RGI60-11.03646,2010-01-01 00:00:00,2010-12-31 00:00:00,False,accumulation area,,126.0309,2010-07-02 00:00:00,"(6.846642185, 45.8417942)"
69,206,4250.0,Col du Dôme-Bossons,RGI60-11.03646,2017-01-01 00:00:00,2017-12-31 00:00:00,True,accumulation area,,87.30718,2017-07-02 00:00:00,"(6.846642185, 45.8417942)"
70,207,5800.0,Geladandong Ice Cap,RGI60-13.49384,2004-01-01 00:00:00,2004-12-31 00:00:00,False,,geothermal hotspot suspected under drill site,24.751398,2004-07-01 12:00:00,"(91.154167, 33.212778)"
71,208,4550.0,Laohugou Glacier,RGI60-13.33006,2010-01-01 00:00:00,2011-12-31 00:00:00,False,site 1,,24.801062,2010-12-31 12:00:00,"(96.53493886, 39.4783238)"
71,209,4900.0,Laohugou Glacier,RGI60-13.33006,2010-01-01 00:00:00,2011-12-31 00:00:00,False,site 2,,24.806017,2010-12-31 12:00:00,"(96.55545016, 39.4418617)"
71,210,5040.0,Laohugou Glacier,RGI60-13.33006,2010-01-01 00:00:00,2011-12-31 00:00:00,False,site 3,,109.08807,2010-12-31 12:00:00,"(96.55633645, 39.429247)"
71,211,4971.0,Laohugou Glacier,RGI60-13.33006,2010-01-01 00:00:00,2011-12-31 00:00:00,False,deep borehole site,,17.91248,2010-12-31 12:00:00,"(96.55583, 39.4355057)"
73,212,750.0,Austfonna,RGI60-07.00027,1978-01-01 00:00:00,1978-12-31 00:00:00,,summit region,digizied deepest measurements (indicated with + in plot),132.30173,1978-07-02 00:00:00,"(24.68098, 79.78064)"
73,213,6548.0,Nevado Sajama,RGI60-16.01587,1997-01-01 00:00:00,1998-12-31 00:00:00,,summit region,,34.578934000000004,1997-12-31 12:00:00,"(-68.88302202, -18.10813679)"
73,214,6451.0,Coropuna,RGI60-16.01486,2003-01-01 00:00:00,2003-12-31 00:00:00,,rim,,146.93524,2003-07-02 00:00:00,"(-72.66184742, -15.54037719)"
73,215,6326.0,Coropuna,RGI60-16.01486,2003-01-01 00:00:00,2003-12-31 00:00:00,,crater,,200.0,2003-07-02 00:00:00,"(-72.66056844, -15.54586811)"
75,216,685.0,Barnes Ice Cap,RGI60-04.06187,1975-05-17 00:00:00,1975-05-17 00:00:00,False,,14.3 T; within surge zone,122.0,1975-05-17 00:00:00,"(-72.14945899, 69.63971832)"
75,217,565.0,Barnes Ice Cap,RGI60-04.06187,1975-05-21 00:00:00,1975-05-21 00:00:00,False,,19.5 T; within surge zone,88.0,1975-05-21 00:00:00,"(-72.12125013, 69.5815068)"
75,218,450.0,Barnes Ice Cap,RGI60-04.06187,1975-05-08 00:00:00,1975-05-08 00:00:00,False,,24.55 T; within surge zone,94.69174,1975-05-08 00:00:00,"(-72.11040056, 69.54665509)"
76,219,525.0,Barnes Ice Cap,RGI60-04.06187,1975-06-12 00:00:00,1975-06-12 00:00:00,False,,T0975,49.37434,1975-06-12 00:00:00,"(-72.09318499999998, 69.81379)"
76,220,575.0,Barnes Ice Cap,RGI60-04.06187,1976-07-05 00:00:00,1976-07-05 00:00:00,False,,T091,154.62343,1976-07-05 00:00:00,"(-72.10005, 69.80686)"
76,221,650.0,Barnes Ice Cap,RGI60-04.06187,1977-06-13 00:00:00,1977-06-13 00:00:00,False,,T081,218.58752,1977-06-13 00:00:00,"(-72.110344, 69.79795)"
76,222,725.0,Barnes Ice Cap,RGI60-04.06187,1976-07-01 00:00:00,1976-07-01 00:00:00,False,,T061,280.74945,1976-07-01 00:00:00,"(-72.12066, 69.78211)"
76,223,850.0,Barnes Ice Cap,RGI60-04.06187,1976-07-09 00:00:00,1976-07-09 00:00:00,False,,T020,83.15979,1976-07-09 00:00:00,"(-72.154976, 69.74945)"
76,224,670.0,Barnes Ice Cap,RGI60-04.06187,1974-06-27 00:00:00,1974-06-27 00:00:00,True,,C4 (D4 in Hooke 1980),112.18983,1974-06-27 00:00:00,"(-71.9703, 69.78899)"
76,225,670.0,Barnes Ice Cap,RGI60-04.06187,1974-06-14 00:00:00,1974-06-14 00:00:00,False,,B4,47.604961,1974-06-14 00:00:00,"(-71.89204000000002, 69.71965)"
78,226,505.0,Tuto Ramp,RGI60-05.07772,1962-08-15 00:00:00,1962-08-15 00:00:00,True,,D-11,300.0,1962-08-15 00:00:00,"(-68.2873, 76.4113)"
78,227,2325.0,Renland Ice Cap,RGI60-05.16072,1988-01-01 00:00:00,1988-12-31 00:00:00,False,,,176.0,1988-07-01 12:00:00,"(-26.768, 71.306)"
78,228,1600.0,Prince of Wales Ice Cap,RGI60-03.01708,2005-05-15 00:00:00,2005-05-15 00:00:00,True,,,176.0,2005-05-15 00:00:00,"(-80.395, 78.3897)"
78,229,1810.0,Penny Ice Cap,RGI60-04.05688,1996-01-01 00:00:00,1996-12-31 00:00:00,True,,,121.16,1996-07-01 12:00:00,"(-65.2, 67.3)"
78,230,250.0,Meighen Ice Cap,RGI60-03.00691,1965-01-01 00:00:00,1965-12-31 00:00:00,True,,,288.0,1965-07-02 00:00:00,"(-99.1, 79.93)"
78,231,900.0,Hans Tausen Hare,RGI60-05.10726,1995-01-01 00:00:00,1995-12-31 00:00:00,True,,,345.0,1995-07-02 00:00:00,"(-36.67, 82.84)"
78,232,1250.0,Hans Tausen Dome,RGI60-05.10756,1995-01-01 00:00:00,1995-12-31 00:00:00,True,,,420.0,1995-07-02 00:00:00,"(-37.47, 82.51)"
78,233,690.0,Flade Isblink Ice Cap,RGI60-05.10315,2006-01-01 00:00:00,2006-12-31 00:00:00,False,,,218.04,2006-07-02 00:00:00,"(-15.7029, 81.2926)"
78,234,1930.0,Devon Ice Cap,RGI60-03.02467,2000-04-15 00:00:00,2000-04-15 00:00:00,False,,,298.93399,2000-04-15 00:00:00,"(-81.64, 75.32)"
78,235,1800.0,Devon Ice Cap,RGI60-03.02467,1973-01-01 00:00:00,1973-01-01 00:00:00,True,,,213.166653,1973-01-01 00:00:00,"(-82.14, 75.34)"
78,236,1800.0,Devon Ice Cap,RGI60-03.02467,1972-01-01 00:00:00,1972-12-31 00:00:00,False,,,127.6,1972-07-01 12:00:00,"(-82.3, 75.3)"
78,237,1770.0,Agassiz ,RGI60-03.00098,1984-01-01 00:00:00,1984-12-31 00:00:00,,,location within 2 km,141.2,1984-07-01 12:00:00,"(-73.1, 80.7)"
78,238,1770.0,Agassiz,RGI60-03.00098,1979-01-01 00:00:00,1979-12-31 00:00:00,,,location within 2 km,141.94,1979-07-02 00:00:00,"(-73.1, 80.7)"
78,239,1770.0,Agassiz,RGI60-03.00098,1979-01-01 00:00:00,1979-12-31 00:00:00,,,location within 2 km,340.91,1979-07-02 00:00:00,"(-73.1, 80.7)"
78,240,1770.0,Agassiz,RGI60-03.00098,1977-01-01 00:00:00,1977-12-31 00:00:00,,,location within 2 km,17.5,1977-07-02 00:00:00,"(-73.1, 80.7)"
74,241,6350.0,East Rongbuk Glacier,RGI60-15.10055,2008-05-04 00:00:00,2008-05-04 00:00:00,,,,190.6,2008-05-04 00:00:00,"(86.95550508, 28.02767227)"
79,242,1772.0,Little Kluane Glacier,RGI60-01.16198,2019-10-01 00:00:00,2019-10-01 00:00:00,False,Lower ablation area,Glacier surged vigorously in 2017-2018; measurement accuracy  +/- 0.2 C; time-series available from Gwenn Flowers,70.0,2019-10-01 00:00:00,"(-139.45334824039867, 60.919192932090546)"
80,243,2371.0,North Glacier,RGI60-01.16835,2011-09-08 00:00:00,2011-09-08 00:00:00,False,central ablation area of small valley glacier,Glacier is not surge-type. Ice thickness is ~110m in borehole location. +/- 0.1 C. The false precision reported for temperature is a consequence of converting values read out in F to C (!). Supporting information in study 74.,81.5,2011-09-08 00:00:00,"(-139.1537773689611, 60.91247243750348)"
81,244,2395.902,South Glacier,RGI60-01.16195,2011-10-01 00:00:00,2011-10-01 00:00:00,True,central ablation area of small surge-type valley glacier,"Glacier is surge-type and last surged vigorously in the 1980s. Interpreted to be undergoing a ""slow surge"" (see https://tc.copernicus.org/articles/5/299/2011/) at the time of temperature measurement. Time-series available from Gwenn Flowers. Supporting information in study 74.",139.0,2011-10-01 00:00:00,"(-139.11983789472893, 60.82207918127529)"
82,245,126.0,Johnson Glacier,RGI60-19.02059,2016-03-08 00:00:00,2016-03-08 00:00:00,True,,,153.0,2016-03-08 00:00:00,"(-60.35266, -62.666004)"
82,246,172.0,Johnson Glacier,RGI60-19.02059,2016-03-08 00:00:00,2016-03-08 00:00:00,True,,,10.0,2016-03-08 00:00:00,"(-60.350249, -62.671643)"
83,247,5637.0,Rikha Samba Glacier,RGI60-15.04847,2014-12-01 00:00:00,2014-12-15 00:00:00,False,ablation area,Two-week average; Full time-series (2014-11-09 to 2015-02-08) available from ICIMOD / Tika Gurung. ,10.0,2014-12-08 00:00:00,"(83.493183, 28.809917)"
83,248,5617.0,Rikha Samba Glacier,RGI60-15.04847,2014-12-01 00:00:00,2014-12-15 00:00:00,False,ablation area,Two-week average; Full time-series (2014-11-09 to 2015-10-05) available from ICIMOD / Tika Gurung. ,15.016979999999998,2014-12-08 00:00:00,"(83.495183, 28.810133)"
17,251,650.0,Vavilov Ice Cap,RGI60-09.00468,1979-01-01 00:00:00,1979-01-31 00:00:00,False,accumulation area,profile 1,15.0013075,1979-01-16 00:00:00,"(95.382408, 79.440048)"
17,252,650.0,Vavilov Ice Cap,RGI60-09.00468,1979-02-01 00:00:00,1979-02-28 00:00:00,False,accumulation area,profile 2,14.985581,1979-02-14 12:00:00,"(95.382408, 79.440048)"
17,253,650.0,Vavilov Ice Cap,RGI60-09.00468,1979-03-01 00:00:00,1979-03-31 00:00:00,False,accumulation area,profile 3,14.9855995,1979-03-16 00:00:00,"(95.382408, 79.440048)"
17,254,650.0,Vavilov Ice Cap,RGI60-09.00468,1979-04-01 00:00:00,1979-04-30 00:00:00,False,accumulation area,profile 4,15.0013075,1979-04-15 12:00:00,"(95.382408, 79.440048)"
17,255,650.0,Vavilov Ice Cap,RGI60-09.00468,1979-05-01 00:00:00,1979-05-31 00:00:00,False,accumulation area,profile 5,15.001326,1979-05-16 00:00:00,"(95.382408, 79.440048)"
17,256,650.0,Vavilov Ice Cap,RGI60-09.00468,1979-06-01 00:00:00,1979-06-30 00:00:00,False,accumulation area,profile 6,15.017015,1979-06-15 12:00:00,"(95.382408, 79.440048)"
17,257,650.0,Vavilov Ice Cap,RGI60-09.00468,1979-07-01 00:00:00,1979-07-31 00:00:00,False,accumulation area,profile 7,14.985617,1979-07-16 00:00:00,"(95.382408, 79.440048)"
17,258,650.0,Vavilov Ice Cap,RGI60-09.00468,1979-08-01 00:00:00,1979-08-31 00:00:00,False,accumulation area,profile 8,15.032671,1979-08-16 00:00:00,"(95.382408, 79.440048)"
17,259,650.0,Vavilov Ice Cap,RGI60-09.00468,1979-09-01 00:00:00,1979-09-30 00:00:00,False,accumulation area,profile 9,131.68317,1979-09-15 12:00:00,"(95.382408, 79.440048)"
2,260,1536.0,White Glacier,RGI60-03.04539,1977-01-01 00:00:00,1977-01-31 00:00:00,False,accumulation area,,317.4093299999999,1977-01-16 00:00:00,"(-91.03409, 79.53638000000002)"
2,261,1310.0,White Glacier,RGI60-03.04539,1979-02-01 00:00:00,1979-02-28 00:00:00,False,accumulation area,,363.972,1979-02-14 12:00:00,"(-90.96165, 79.52396999999998)"
2,262,1172.0,White Glacier,RGI60-03.04539,1981-01-01 00:00:00,1981-01-31 00:00:00,False,accumulation area,,276.19003,1981-01-16 00:00:00,"(-90.89401, 79.51597)"
2,263,1045.0,White Glacier,RGI60-03.04539,1981-02-01 00:00:00,1981-02-28 00:00:00,False,accumulation area,,207.63266,1981-02-14 12:00:00,"(-90.85041, 79.50766)"
2,264,900.0,White Glacier,RGI60-03.04539,1975-07-01 00:00:00,1975-07-31 00:00:00,False,accumulation area,,260.98154,1975-07-16 00:00:00,"(-90.83256, 79.4974)"
2,265,871.0,White Glacier,RGI60-03.04539,1981-03-01 00:00:00,1981-03-31 00:00:00,False,accumulation area,,333.0654600000001,1981-03-16 00:00:00,"(-90.82123, 79.49401999999998)"
2,266,750.0,White Glacier,RGI60-03.04539,1979-03-01 00:00:00,1979-03-31 00:00:00,False,near ELA,,199.5,1979-03-16 00:00:00,"(-90.79514, 79.48651)"
2,267,385.0,White Glacier,RGI60-03.04539,1976-01-01 00:00:00,1976-01-31 00:00:00,True,accumulation area,,34.925236,1976-01-16 00:00:00,"(-90.69437, 79.45313)"
8,268,4470.0,Grenzgletscher,RGI60-11.02822,2008-08-27 00:00:00,2008-08-27 00:00:00,False,accumulation area,CG07-1/08,-4.955629,2008-08-27 00:00:00,"(7.875282501042355, 45.92851074229338)"
8,269,4330.0,Grenzgletscher,RGI60-11.02822,1999-05-01 00:00:00,1999-05-31 00:00:00,False,accumulation area,SJ99-10/99,-4.9818760000000015,1999-05-16 00:00:00,"(7.873008474769198, 45.92134113754484)"
8,270,4335.0,Grenzgletscher,RGI60-11.02822,2008-08-26 00:00:00,2008-08-26 00:00:00,False,accumulation area,SJ08-8/08,29.708141,2008-08-26 00:00:00,"(7.872899280546434, 45.930337051192375)"
8,271,4293.0,Grenzgletscher,RGI60-11.02822,1999-09-01 00:00:00,1999-09-01 00:00:00,False,accumulation area,SJ98-A/99,24.0553,1999-09-01 00:00:00,"(7.873663259420822, 45.92264295460452)"
8,272,4293.0,Grenzgletscher,RGI60-11.02822,2008-08-27 00:00:00,2008-08-27 00:00:00,False,accumulation area,SJ08-6/08,120.43298,2008-08-27 00:00:00,"(7.873663259420822, 45.92264295460452)"
8,273,4450.0,Grenzgletscher,RGI60-11.02822,1982-01-01 00:00:00,1982-12-31 00:00:00,False,accumulation area,CG82-1/82,80.354515,1982-07-02 00:00:00,"(7.874339907568563, 45.9299356829822)"
8,274,4454.0,Grenzgletscher,RGI60-11.02822,2003-09-17 00:00:00,2003-09-17 00:00:00,False,accumulation area,CG03-1/03,62.66776700000001,2003-09-17 00:00:00,"(7.874967830384461, 45.92946548510768)"
8,275,4425.0,Grenzgletscher,RGI60-11.02822,2007-11-03 00:00:00,2007-11-03 00:00:00,False,accumulation area,CG05-2/07 or CG05-1/07,61.31911,2007-11-03 00:00:00,"(7.876968034508367, 45.92972757979114)"
8,276,4475.0,Grenzgletscher,RGI60-11.02822,1997-10-18 00:00:00,1997-10-18 00:00:00,False,accumulation area,CG95-1/97,101.27243,1997-10-18 00:00:00,"(7.875924509500841, 45.928193407879505)"
8,277,4448.0,Grenzgletscher,RGI60-11.02822,1997-10-18 00:00:00,1997-10-18 00:00:00,False,accumulation area,CG95-2/97,95.23919,1997-10-18 00:00:00,"(7.873663021975885, 45.92911071489259)"
38,278,5161.0,Guanaco Glacier,RGI60-17.14868,2008-11-04 00:00:00,2008-11-04 00:00:00,True,,,112.28561,2008-11-04 00:00:00,"(-70.014, -29.35)"
38,279,5161.0,Guanaco Glacier,RGI60-17.14868,2010-03-13 00:00:00,2010-03-13 00:00:00,True,,,137.97468999999998,2010-03-13 00:00:00,"(-70.014, -29.35)"
39,280,500.0,Austfonna,RGI60-07.00551,1997-01-01 00:00:00,1997-12-31 00:00:00,,,#2; accuracy = minimum accuracy,122.78481,1997-07-02 00:00:00,"(25.8, 79.8)"
39,281,750.0,Austfonna,RGI60-07.00551,1998-01-01 00:00:00,1998-12-31 00:00:00,,,#3; accuracy = minimum accuracy,14.775015,1998-07-02 00:00:00,"(24.0, 79.8)"
46,282,4540.0,Dagongba Glacier,RGI60-15.07851,1982-09-30 00:00:00,1982-09-30 00:00:00,False,ablation area,,7.312853,1982-09-30 00:00:00,"(101.84461, 29.56623)"
46,283,4600.0,Baishuihe Glacier No. 1,RGI60-15.07645,1982-07-11 00:00:00,1982-07-11 00:00:00,False,,,7.436782400000001,1982-07-11 00:00:00,"(100.19538, 27.106790000000004)"
51,284,205.0,White Glacier,RGI60-03.04539,1959-01-01 00:00:00,1959-12-31 00:00:00,False,ablation area,"""Lower Ice"" site",11.438249,1959-07-02 00:00:00,"(-90.64459, 79.43863)"
51,285,205.0,White Glacier,RGI60-03.04539,1960-01-01 00:00:00,1960-12-31 00:00:00,False,ablation area,"""Lower Ice"" site",23.89912,1960-07-01 12:00:00,"(-90.64459, 79.43863)"
51,286,205.0,White Glacier,RGI60-03.04539,1961-01-01 00:00:00,1961-12-31 00:00:00,False,ablation area,"""Lower Ice"" site",26.445036,1961-07-02 00:00:00,"(-90.64459, 79.43863)"
51,287,205.0,White Glacier,RGI60-03.04539,1962-01-01 00:00:00,1962-12-31 00:00:00,False,ablation area,"""Lower Ice"" site",25.183777,1962-07-02 00:00:00,"(-90.64459, 79.43863)"
51,288,205.0,White Glacier,RGI60-03.04539,1963-01-01 00:00:00,1963-12-31 00:00:00,False,ablation area,"""Lower Ice"" site",24.756155,1963-07-02 00:00:00,"(-90.64459, 79.43863)"
51,289,205.0,White Glacier,RGI60-03.04539,1964-01-01 00:00:00,1964-12-31 00:00:00,False,ablation area,"""Lower Ice"" site",22.699785,1964-07-01 12:00:00,"(-90.64459, 79.43863)"
51,290,205.0,White Glacier,RGI60-03.04539,1965-01-01 00:00:00,1965-12-31 00:00:00,False,ablation area,"""Lower Ice"" site",294.0652,1965-07-02 00:00:00,"(-90.64459, 79.43863)"
58,291,2490.0,Grenzgletscher,RGI60-11.02822,2007-05-30 00:00:00,2007-05-30 00:00:00,False,ablation area,f12,267.25403,2007-05-30 00:00:00,"(7.793497013504011, 45.97133779023581)"
58,292,2500.0,Grenzgletscher,RGI60-11.02822,2010-06-14 00:00:00,2010-06-14 00:00:00,False,ablation area,I9b,6.8557534,2010-06-14 00:00:00,"(7.795159105922963, 45.969029697901625)"
73,293,750.0,Austfonna,RGI60-07.00027,1978-01-01 00:00:00,1978-12-31 00:00:00,False,summit region,,14.061588,1978-07-02 00:00:00,"(24.68098, 79.78064)"
73,294,750.0,Austfonna,RGI60-07.00027,1978-01-01 00:00:00,1978-12-31 00:00:00,False,summit region,,5.484603,1978-07-02 00:00:00,"(24.68098, 79.78064)"
73,295,750.0,Austfonna,RGI60-07.00027,1978-01-01 00:00:00,1978-12-31 00:00:00,False,summit region,,6.5056725,1978-07-02 00:00:00,"(24.68098, 79.78064)"
73,296,750.0,Austfonna,RGI60-07.00027,1978-01-01 00:00:00,1978-12-31 00:00:00,False,summit region,,120.35503,1978-07-02 00:00:00,"(24.68098, 79.78064)"
