measurement_id,temperature_degC,depth_m
1,-14.976481,7.7134529999999994
1,-14.682066,13.952519
1,-14.328432999999999,21.899207999999998
1,-14.178916000000001,28.179926000000002
1,-14.028139000000001,36.18492
1,-13.907182,43.04873
1,-13.757665,49.329445
1,-13.548929000000001,57.317783
2,-2.7406764,14.097137
2,-2.9988265,16.933807
2,-3.2875873999999996,25.513601
2,-3.4922707,38.7035
2,-3.5243099,48.469685
2,-3.4718637,61.69653
2,-3.3908474,74.927475
2,-3.3961532,89.87028000000001
2,-3.4867608999999997,103.65131
2,-3.5220652,122.613075
2,-3.5836947,135.24878
2,-3.6740983,148.4551
2,-3.6789959999999997,162.24844
2,-3.5683894,172.60988
2,-3.4028876000000006,189.30148
2,-3.1247385,210.60727999999997
2,-2.7610836,232.50014
2,-2.4262028,254.96361000000002
2,-2.0339777,276.86057
2,-1.5842048999999998,297.61627000000004
2,-1.2195296,316.6355
2,-0.8542421999999998,333.93057000000005
2,-0.6028264,350.05975
3,-1.4366198000000001,28.107075
3,-1.5211267,30.401529999999998
3,-1.7464789,36.13767
3,-1.8591548999999998,40.152966
3,-1.9436619,44.741875
3,-2.0,51.051624
3,-2.0,57.361378
3,-2.056338,64.24474000000001
3,-2.140845,70.5545
3,-2.1971831,74.569786
3,-2.309859,77.43786
3,-2.4225352000000004,80.87954
3,-2.7042252999999996,83.74761
3,-2.9295774,85.46845
3,-3.1830986,89.48375
3,-3.4366197999999994,92.351814
3,-3.5774648,95.21989
3,-3.7746480000000004,99.23518
3,-3.8873239,102.676865
3,-4.0,106.118546
4,-14.338235000000001,12.612613
4,-14.044118,15.315315
4,-13.492647,23.423424
4,-13.345589000000002,33.333332
4,-13.529410999999998,54.954956
4,-13.897059,63.063065
4,-14.632353,81.08108
4,-15.220589000000002,104.5045
4,-15.367647,126.12613
4,-15.257353,146.84685
4,-14.816176,173.87386999999998
4,-13.639706,222.52252000000001
4,-12.904411,251.35135
5,-13.397732000000001,26.2791
5,-12.837467,40.718536
5,-12.050913000000001,66.038055
5,-11.784181,85.11186
5,-11.441238,109.63533999999999
5,-10.875906,135.92406
5,-10.350627000000001,154.93053
5,-9.715712,171.17369
5,-8.67373,189.13400000000001
5,-7.670632400000001,202.54652
5,-6.742184599999999,214.1553
5,-5.293525700000001,232.92127999999997
5,-3.8071517999999998,253.50061000000002
5,-2.8032744,268.73607999999996
5,-0.7189208,305.56818
5,-0.08556489999999999,318.16544
6,-11.52246,9.072888
6,-9.469445,12.597845
6,-7.5963845,17.052963000000002
6,-6.3356069999999995,20.633831
6,-4.8226547,25.114365
6,-3.3454137000000004,32.3498
6,-2.120348,38.685574
6,-1.1829698999999998,48.7115
6,-0.4976673,58.75521
6,-0.0642409,70.65162
6,0.04518807,83.48836
6,0.04688387,99.08509000000001
7,-6.7842183,3.765797
7,-7.512103,8.664274
7,-7.997716400000001,13.858688
7,-8.321702,18.638835999999998
7,-8.492242,23.568776999999997
7,-8.630499,28.64167
7,-8.801013000000001,33.430479999999996
7,-8.890830000000001,38.647240000000004
7,-8.810969,43.591316
7,-8.9249935,48.665577
7,-8.917803,53.46442
7,-8.975285000000001,58.541874
7,-8.951966,63.482758
7,-9.049783,68.27566999999999
7,-8.945742,73.50336999999999
7,-9.003302,79.00421
7,-9.036472,83.659645
7,-9.0211525,88.17669000000001
7,-8.925162,93.26281
7,-8.926128,98.48458000000001
7,-8.846214999999999,103.1464
7,-8.839077,108.2275
7,-8.767267,113.02998999999998
7,-8.792465,118.2504
7,-8.639934,123.33971000000001
7,-8.584331,128.42354
7,-8.585217,133.22191999999998
7,-8.497227,137.8842
8,-11.643411,10.793650999999999
8,-11.751938,11.904762
8,-11.782946,14.126985000000001
8,-11.875969,14.920635
8,-11.922481,16.031746
8,-11.968992,17.142857
8,-12.015504,20.317460999999998
8,-12.108527,21.428572
8,-12.170542999999999,22.698412
8,-12.201551,24.444445
8,-12.248062,26.349207
8,-12.310078,28.730158000000003
8,-12.356589,31.587301
8,-12.403101,33.968253999999995
8,-12.449613000000001,35.873016
8,-12.48062,38.253966999999996
8,-12.511628,41.26984
9,-11.038758999999999,13.015873
9,-11.302325,18.253970000000002
9,-11.581395,23.492064000000003
9,-11.643411,25.714285
9,-11.674418,27.619047
9,-11.767441999999999,29.682539000000002
9,-11.875969,32.06349
9,-11.813953,33.809525
10,-9.126615,9.78836
10,-8.609819,20.37037
10,-9.509044,30.63492
10,-10.335917,41.32275
10,-10.749353999999999,51.587303000000006
10,-10.925065,61.957671999999995
10,-11.007750999999999,72.43386
10,-11.049095,82.91005
10,-11.049095,92.96296
10,-10.935400999999999,103.756615
10,-10.966409,130.42328
11,-6.976744,11.1640215
11,-7.1937985,16.455026999999998
11,-7.793281599999999,21.322751999999998
11,-8.423772999999999,26.825397
11,-8.981913,32.1164
11,-9.198966,37.301586
11,-9.219638,41.957671999999995
11,-9.343669,47.67196
11,-9.498708,52.539683999999994
11,-9.705426,57.93651
11,-10.149871000000001,68.51852
11,-10.366925,73.280426
11,-10.408269,76.031746
11,-10.635659,81.216934
11,-10.770026,86.296295
11,-10.904392999999999,91.48148
11,-10.997417,96.666664
11,-11.090439,101.85185
11,-11.049095,107.56613999999999
11,-11.069767,112.22222
11,-11.028423,117.83068999999999
12,-8.826874,11.058200999999999
12,-8.702843,13.597883
12,-8.55814,16.243385
12,-8.382429,18.783070000000002
12,-8.206717999999999,25.449735999999998
12,-8.351421,35.820107
12,-8.826874,46.402115
12,-9.343669,56.984127
12,-9.498708,67.3545
12,-10.160207000000002,77.40741
12,-10.439277,88.09524
12,-10.718347,98.25397
12,-10.759689999999999,108.835976
12,-10.770026,117.08995
13,-11.302325,13.809524
13,-11.410852,18.730158
13,-11.503876,29.523809999999997
13,-11.689922,34.444443
13,-11.488372,39.20635
13,-11.581395,50.0
13,-11.472868,60.31746
13,-11.612403,71.111115
13,-11.379845,81.216934
14,-10.987081,17.301588
14,-10.976745,27.883598
14,-11.255813999999999,48.624340000000004
14,-11.359173,58.783069999999995
14,-11.379845,64.07406999999999
14,-11.452196,69.36508
14,-11.26615,74.44444
14,-11.328165,79.84127
15,-13.803279000000002,5.0983605
15,-14.401639000000001,5.983606299999999
15,-14.549179999999998,8.0
15,-14.204918,9.967213000000001
15,-13.950820000000002,11.983606
15,-13.745902,14.0
15,-13.696720999999998,16.065575
15,-13.655738000000001,18.032787
15,-13.442623000000001,19.950819
15,-13.696720999999998,22.016394000000002
15,-13.696720999999998,24.032787
15,-13.557376999999999,26.0
15,-13.385245999999999,28.016394000000002
15,-13.385245999999999,28.016394000000002
16,-11.937717,5.257647
16,-11.790016,5.4085894
16,-11.420751,5.761274
16,-11.273238000000001,6.257609400000001
16,-11.339350999999999,7.045782000000001
16,-11.577713000000001,7.5345016000000005
16,-11.873572,8.071428
16,-12.062619999999999,8.462436
16,-12.153255,9.052755
16,-12.449358,10.033759
16,-12.860941,11.9993305
16,-12.927781,14.119732999999998
16,-12.952924000000001,15.056742000000002
16,-13.036642,18.015629999999998
16,-13.111666,20.08653
16,-13.163622,25.019743
16,-13.141742,30.053095000000003
16,-13.070575,35.03808
17,-2.1592605,5.039085
17,-3.2681465,5.991604
17,-5.371360299999999,8.040639
17,-7.092378999999999,10.043352
17,-8.087285000000001,12.048959
17,-8.680949,14.104013
17,-8.987928,16.064518
17,-9.161180499999999,18.0734
17,-9.277107,20.082514
17,-9.564948,21.995245
17,-9.795494,23.956055
17,-10.026100999999999,26.012556
17,-10.065596000000001,28.021973
17,-10.066935,30.127235
18,-8.331189,4.966629
18,-7.357278,5.9274526
18,-5.715339,8.087114999999999
18,-4.5700927,10.053409
18,-3.9407989999999997,12.065493
18,-3.5981589999999994,14.124279999999999
18,-3.6567314,16.085773
18,-3.6962260000000002,18.09519
18,-3.7738757000000005,20.008762
18,-3.966297,22.113262
19,-3.9362957,4.984153
19,-4.6821556,5.9859656999999995
19,-4.0732783999999995,10.055389
19,-2.3949492,15.086018
19,-2.6306071,25.085104
20,0.00126531,0.97873795
20,-0.0464741,1.9159636000000002
20,-0.1465129,2.967782
20,-0.1906092,4.01841
20,-0.22084829999999997,4.9694486
20,-0.1950714,5.9760349999999995
20,-0.1552906,6.996508599999999
20,-0.09799110000000001,8.044979
20,-0.054750599999999996,9.037009
20,-0.029010400000000006,10.015226
21,-0.3833762,0.9585521999999999
21,-0.6093957,1.9279412
21,-0.9948745999999999,3.9645980000000005
21,-1.0534516999999999,4.6325392999999995
21,-1.0561228,5.2709209999999995
21,-1.0202053,6.0077767
21,-0.8043204,8.017453
21,-0.6688713000000001,10.014656
22,-1.490527,1.9183195
22,-1.7884856,4.038224
22,-1.8539089,4.819791
22,-1.8776319,5.4018807
22,-1.8943436999999999,5.998006299999999
22,-1.8972533,6.451988
22,-1.8755596999999997,7.004741
22,-1.8399904999999999,7.47209
22,-1.7797996999999999,8.052394
22,-1.6490939999999998,9.085117
22,-1.4870671999999998,10.003695
23,0.0,10.0
24,0.0,10.0
25,0.0,10.0
26,-5.872063,0.042611800000000005
26,-4.8074512,0.9091651
26,-4.6818266,1.9575582999999999
26,-4.4957705,2.9645297999999998
26,-3.9866745000000003,3.9256589999999996
26,-3.2549474,4.9840503
26,-2.4627886,6.001020400000001
26,-1.7273203999999998,7.948240299999999
26,-1.3392582,8.951811
26,-0.5672998,9.969121000000001
27,-3.649743,0.03969863
27,-2.8577542,0.9388299999999999
27,-2.267431,2.0017311999999996
27,-2.2026633999999996,2.992527
27,-1.7137683999999997,3.9559260000000003
27,-1.4469097,4.963556
27,-1.2101819999999999,6.012179
27,-1.0747122,7.001782400000001
27,-0.4704629,8.975367
27,-0.6278166000000001,9.990152
28,-3.922451,0.03509836
28,-3.261596,0.9861276
28,-3.1463267999999998,1.9760718000000002
28,-2.9500852,3.0051353
28,-2.4713755,3.9484633999999996
28,-1.9215384999999998,4.991804599999999
28,-1.0443262,7.0215119999999995
28,-0.8282241,7.96927
28,-0.5208792999999999,8.99646
28,-0.3752242,10.006134
29,-11.157803999999999,1.07390538
29,-12.924858,1.35395635
29,-12.783553999999999,1.64801961
29,-11.062808,1.9570634999999998
29,-10.066324,2.24860854
29,-8.467406,2.85249061
29,-8.06297,3.14577893
29,-7.527617,3.4190498
29,-6.9251823,3.7313872000000003
29,-6.4549637,4.02448166
30,0.0310559,5.0746269999999996
30,0.01552795,10.0
30,-0.015528,15.0
30,-0.015528,19.925373
31,-0.08902080000000001,5.053381
31,-0.074184,9.964413
31,-0.029673599999999998,14.982206
31,-0.015528,20.0
32,0.01866715,5.1173058
32,-0.1376589,10.053134
32,-0.8646406999999999,15.056920999999999
32,-0.8558933000000001,20.066011
33,-11.142745,3.1406967999999997
33,-14.257251,5.05122
33,-14.419406,6.978486
33,-14.327797,9.020614
33,-14.013867000000001,11.007292
33,-13.953903,12.992529
33,-13.957431,14.977406
33,-13.834176000000001,17.076424
33,-13.86945,19.061121
33,-13.841332000000001,21.10289
33,-13.939895000000002,22.973804
33,-13.848486999999999,25.129354
33,-13.851913,27.057522
33,-13.823595000000001,28.985867
34,-13.381817999999999,0.9696969999999999
34,-15.069091,1.9393939999999998
34,-15.010909,3.030303
34,-13.672728,4.0
34,-10.647273,6.0
34,-7.447273,7.969697
34,-5.12,9.969697
34,-3.6654546000000003,11.939394
34,-2.909091,14.030303
35,-10.634601,0.9817033000000002
35,-10.641743,2.0142412
35,-10.474553,2.9863717999999997
35,-10.133662,3.989201
35,-9.10427,6.025889
35,-8.653951,7.97037
35,-8.435722,9.944778999999999
35,-8.333853999999999,11.979707000000001
35,-8.347716,13.984045000000002
36,-2.54717,2.3268697
36,-1.0916442,3.1578948
36,-0.4447439,3.6565095999999997
36,-0.24258760000000001,4.819944400000001
36,-0.4447439,6.1495843
36,-1.1725067,8.144044000000001
36,-1.981132,10.138504
36,-2.708895,11.966759
36,-2.7897575,13.961219
36,-2.4663072,18.116343
36,-1.0107815999999998,28.088642
36,-1.981132,38.227146000000005
36,-5.619946,58.171744999999994
36,-7.964959599999999,78.44875
36,-8.733153,98.22715
36,-8.61186,118.00554
37,-9.118269999999999,9.832344
37,-8.612353,20.040526999999997
37,-9.495749,30.041816999999998
37,-10.318810000000001,39.771167999999996
37,-10.698857,49.74987
37,-10.937897999999999,59.99148
37,-10.9556,69.68469
37,-11.013501,79.64894
37,-11.031068,89.880615
37,-10.927897999999999,99.83764000000001
37,-10.941343,126.49238600000001
38,-6.963661999999999,10.812597
38,-7.22412,15.939727
38,-7.806790400000001,20.812079999999998
38,-8.38946,25.684435
38,-8.972062,30.82602
38,-9.131917999999999,35.6794
38,-9.231304,40.7993
38,-9.330689999999999,45.919205
38,-9.490547,50.772587
38,-9.670469,55.896103000000004
38,-9.870593,60.751290000000004
38,-10.130983,66.14765
38,-10.351241,71.00374599999999
38,-10.350634,73.42681999999999
38,-10.631226,78.554855
38,-10.730815,82.867065
38,-10.969788000000001,93.37791
38,-11.069242,98.22858000000001
38,-11.007421,103.87971
38,-11.026339,108.72677
38,-10.944721000000001,113.030846
39,-7.1912009999999995,0.0
39,-8.037225,0.1875
39,-8.925549499999999,0.328125
39,-9.6446705,0.515625
39,-10.504794,0.671875
39,-11.322617,0.796875
39,-12.084039,0.984375
39,-12.901861,1.140625
39,-13.606881,1.328125
39,-14.001692000000002,1.484375
39,-14.170897,1.578125
39,-14.368301999999998,1.796875
39,-14.452905,2.046875
39,-14.509306,2.328125
39,-14.509306,2.609375
39,-14.424704,2.921875
39,-14.340101,3.234375
39,-14.170897,3.703125
39,-13.945291000000001,4.171875
39,-13.776086,4.640625
39,-13.550479999999999,5.078125
39,-13.240271,5.515625
39,-12.930062,5.984375
39,-12.676255000000001,6.453125
39,-12.337846,6.890625
39,-12.112239,7.390625
39,-11.773829,7.921875
39,-11.689227,8.296875
39,-11.548224000000001,9.046875
39,-11.407219,9.765625
39,-11.407219,10.390625
39,-11.407219,11.078125
39,-11.407219,11.828125
39,-11.407219,12.546875
39,-11.407219,13.296875
39,-11.491822,14.078125
39,-11.491822,14.515625
39,-11.491822,14.890625
40,-5.6081223,5.2211885
40,-4.629293,11.350636
40,-1.1362895,53.091602
40,-0.0554698,104.0968
40,-0.0347351,151.84395
40,-0.0462101,203.89105
40,-0.0414695,254.98189
41,-0.0148422,14.803316
41,0.00575965,61.11801
41,-0.0221968,111.25648000000001
41,-0.09795830000000001,173.33594
41,-0.1911759,223.0021
41,-0.2190438,274.09555
41,-0.24797489999999997,313.72934
41,-0.2470002,324.23400000000004
42,-3.0964742000000003,6.048333
42,-2.3734612,32.048035
42,-0.8643456,74.2093
42,-0.0058926000000000004,123.35994
43,-3.5849807,8.933848
43,-1.7513753,43.707029999999996
43,-0.3080967,83.00171
43,-0.026450099999999997,103.68865
43,-0.0081078,113.11419
43,-0.0201145,132.9915
44,-3.4864864,15.961801000000001
44,-0.8756757,56.275580000000005
44,-0.0162162,96.38472
44,-0.0162162,107.23056000000001
45,-4.1675677,14.529330999999999
45,-1.2648648999999998,55.661663
45,-0.0162162,95.97544
45,-0.0162162,106.00273
46,-8.994846,9.689953
46,-7.0637479999999995,14.667974
46,-4.579535,23.771585
46,-3.335086,32.938774
46,-2.090637,42.105965000000005
46,-1.3053596,51.296703
46,-0.7955853,60.501569999999994
47,-7.0678997,11.032052
47,-5.452047299999999,16.875999999999998
47,-4.206076599999999,20.907042999999998
47,-3.049934,26.804314
47,-1.9852047,33.176136
47,-1.7019814999999998,39.638603
47,-0.9601056999999998,45.119972
47,-0.7239102,50.659991999999995
47,-0.3022457,57.570354
47,0.131572,75.150185
47,0.05389696,87.68588000000001
48,-4.2748957,10.484469
48,-2.8886267999999995,15.862129000000001
48,-1.8837293000000002,20.816042000000003
48,-1.7183627000000001,27.529015
48,-1.3310962,33.915802
48,-1.1672411,39.099792
48,-0.9701312,45.809853000000004
48,-0.7739283,51.602524
48,-0.48219359999999994,57.692253
48,-0.41266099999999994,63.802369999999996
48,-0.17836629999999998,76.01386
49,-5.712962,11.93189
49,-4.820302,16.749092
49,-4.0803747,21.888695000000002
49,-3.5831337,29.200577000000003
49,-3.0871422,35.285465
49,-2.742634,42.919746
50,-11.152823,8.548364
50,-10.282734,15.79923
50,-9.668885000000001,22.764744
50,-9.119288000000001,29.430271
50,-8.759376,38.854202
51,-5.179821,9.354856
51,-4.0645940000000005,13.23024
51,-2.750556,16.976353
51,-1.7411869,21.344732
52,-4.4769287,9.941908999999999
52,-4.2893167000000005,14.828303
52,-3.4254775,19.93571
52,-1.1276813,30.252926000000002
53,-6.2666254,10.126781
53,-4.4727106,20.216959
53,-2.2393432,35.062405
53,-1.6142876,39.811188
53,-1.0289539,44.683679999999995
53,-0.483292,49.802209999999995
54,-5.773893,15.491807999999999
54,-4.510373599999999,25.355875
54,-2.1556307999999995,45.212357
54,-1.0907714,55.572662
54,-0.2800623,60.43728
54,-0.0397219,64.58789
55,-11.1,15.0
56,-12.2,15.0
57,-9.5,15.0
58,-10.5,15.0
59,-5.5789475,115.09971999999999
59,-4.0526314,104.5584
59,-3.5701754,100.2849
59,-3.122807,95.4416
59,-2.6842105,89.74359
59,-2.3421052,85.18519
59,-2.0175438000000003,80.34188
59,-1.7017543000000002,74.643875
59,-1.4561403999999998,69.80057
59,-1.2631578,64.95727
59,-1.0614035,59.82906
59,-0.9035088,54.415955000000004
59,-0.7280701999999999,49.28775
59,-0.622807,44.159546
59,-0.4824562,39.88604
59,-0.4210526,35.327637
59,-0.3157895,29.62963
59,-0.11403510000000001,19.94302
59,-0.09649119999999999,10.541310000000001
59,-0.07894739999999999,0.85470086
60,-6.7017546,190.02848999999998
60,-5.2894735,179.77208000000002
60,-4.377193,170.08546
60,-3.6052632000000004,160.11395
60,-2.8596492000000002,149.85754
60,-2.3421052,140.17094
60,-1.7105263,129.91454
60,-0.9736841999999999,110.25641
60,-0.6578946999999999,100.0
60,-0.47368420000000006,90.02849
60,-0.2807018,80.34188
60,-0.23684210000000003,69.80057
60,-0.1929825,59.54416
60,-0.1578947,49.00285
60,-0.131579,39.031338
60,-0.14912279999999997,29.344728000000003
60,-0.1403509,19.65812
60,-0.131579,9.686608999999999
60,-0.09649119999999999,0.0
61,-1.8245613999999997,140.17094
61,-0.4824562,130.19943
61,-0.245614,119.94301999999999
61,0.05263158,110.54131000000001
61,0.14912279999999997,99.1453
61,0.06140351,90.88319399999999
61,0.06140351,78.91738000000001
61,-0.9736841999999999,69.80057
61,0.01754386,59.25926
61,0.02631579,49.57265
61,0.01754386,38.746437
61,0.10526316,30.19943
61,0.02631579,19.65812
61,0.00877193,9.401710000000001
61,-0.0087719,0.28490028
62,0.00218566,-0.091709
62,0.000516,1.8649988999999998
62,0.00103573,3.882597
62,0.000106,5.900361
62,0.00205964,7.8566537
62,-0.0194111,8.898515
62,-0.1104607,9.887211
62,-0.06061180000000001,12.113147999999999
63,0.000776,2.873798
63,-0.0048951,8.988562
63,-0.2308572,9.473024
63,-0.319158,9.880564999999999
63,-0.1623889,10.840850999999999
63,-0.086761,11.87158
63,-0.040149300000000006,12.783354
63,-0.0094476,13.819234
63,-0.0062892,14.827701000000001
63,-0.0016658,15.897140499999999
63,0.000807,19.871029999999998
63,-0.00065,25.465612
64,-2.7440374,12.359355
64,-2.615846,17.729843
64,-2.5454842999999996,22.761892
64,-2.4158227,24.612779999999997
64,-2.3876779999999997,26.625598999999998
64,-2.3595333,28.638417999999998
64,-2.389218,30.3128
64,-2.303314,32.831657
65,-2.8630137,11.176471000000001
65,-2.671233,16.050420000000003
65,-2.4520547,21.092438
65,-2.30137,26.134455
65,-2.109589,30.840335999999997
65,-2.109589,36.218486999999996
65,-2.0958905,38.403362
65,-2.0273972,40.7563
65,-2.0547945,42.26891
65,-2.041096,44.62185
65,-1.9863013999999999,46.47059
66,-2.555024,9.664804
66,-2.2966506,14.860335000000001
66,-2.167464,19.720670000000002
66,-1.8947368999999998,24.9162
66,-1.7655503000000001,30.111732
66,-1.5933013999999999,34.97207
66,-1.4210526,40.502792
66,-1.4066986000000001,40.7563
66,-1.2918661,49.888268
66,-1.2488039,54.41340600000001
66,-1.2488039,56.927376
66,-1.2344496999999999,58.93855
66,-1.2918661,61.284916
66,-1.2057416,62.960896
66,-1.2631578,65.13965999999999
67,-1.8229665000000002,14.178273
67,-1.1913875,24.038998
67,-1.0047847,29.387186
67,-0.8755980999999999,34.401115000000004
67,-0.6746411,38.91365
67,-0.6028708,44.094707
67,-0.3875598,49.108635
67,-0.25837319999999997,53.955433
67,-0.1004785,59.303619999999995
67,-0.0143541,60.97493000000001
67,-0.0574163,62.980503000000006
67,-0.043062199999999995,65.320335
67,0.0,67.325905
67,0.02870813,69.164345
68,-1.9905213,9.832402
68,-1.6635071,15.195530999999999
68,-1.3933649,20.223463
68,-1.0947868,24.9162
68,-0.8530806000000001,30.111732
68,-0.6824645,35.139664
68,-0.3696683,40.0
68,-0.3696683,41.843575
68,0.01421801,44.022346
68,-0.0710901,46.03352
68,0.01421801,47.709496
68,-0.056872000000000006,50.055865999999995
69,-1.5507246000000001,15.865922
69,-1.1884058000000002,20.726257
69,-1.1014493,25.921787
69,-0.7681159000000001,30.949720000000003
69,-0.6521739000000001,35.810055
69,-0.47826090000000004,41.005584999999996
69,-0.4347826,45.530727
69,-0.3913043,50.893856
69,-0.1014493,55.921787
69,-0.0144928,57.76536
69,0.02898551,59.776534999999996
69,0.04347826,61.620113
69,-0.043478300000000004,63.631287
69,-0.0144928,65.81006
70,-1.3125,15.181059
70,-0.9086539,20.027855
70,-0.6778846,25.041782
70,-0.49038459999999995,30.055709999999998
70,-0.36057690000000003,34.735374
70,-0.2884615,39.749302
70,-0.2163462,44.930363
70,-0.1153846,49.94429
70,-0.0576923,54.791090000000004
70,-0.1298077,59.805016
70,-0.043269199999999994,61.810584999999996
70,-0.2019231,63.983288
70,-0.1153846,65.98886
70,-0.1009615,67.99443000000001
70,-0.043269199999999994,69.498604
71,0.04124479,21.027739999999998
71,-0.131653,26.90598
71,-2.2363033,33.030994
71,-3.2301135,38.889114
71,-3.8612704,44.020813000000004
71,-3.9610546,48.87141
71,-2.8538094,54.045715
71,-2.7604377,58.901047
71,-2.9570912999999996,64.19046
71,-3.4432843,69.17865
71,-3.8811883999999996,74.16802
71,-3.9569254000000003,79.16627
72,0.07908896,0.29293552
72,0.052904099999999996,3.3805943
72,-5.4070516,8.246875
72,-4.420431,13.271163
72,-3.6269669999999996,18.290716
72,-3.5819813999999996,23.291925
72,-4.361212,33.273037
72,-6.0337877,43.232254
72,-7.3441963,53.200343999999994
72,-8.002705,63.18441800000001
72,-8.226708,73.3262
72,-7.6055592999999995,83.34164
72,-7.443252,93.49289
72,-6.683551,113.07073999999999
73,-4.2224174,5.9229193
73,-2.7803557,15.958476000000001
73,-3.7286943999999997,26.082506
73,-5.135584,35.901173
73,-7.001413,46.002712
73,-8.335869,55.823154
73,-8.922041,65.95606
73,-8.862722999999999,85.810875
73,-8.916453,94.04503000000001
74,-4.918720700000001,0.02337566
74,-7.6730375,2.7500432
74,-9.538769,12.704525
74,-8.99015,22.865244
74,-10.662726,32.824459999999995
74,-10.910778,42.818591999999995
74,-10.965577,52.6704
74,-11.068955,62.9622
74,-11.049961,70.75695
75,-10.309157,9.303218
75,-9.636513,14.466872
75,-9.591624000000001,19.615139000000003
75,-9.908612,24.313353
75,-10.250035,29.452152
75,-10.666903999999999,39.14802
75,-10.794428,49.43923
75,-10.994094,59.287487
75,-10.831883,69.5858
75,-10.862537,79.438194
76,-0.8661235,6.1493998
76,-1.5018553,6.6457996
76,-2.4181795,10.478909
76,-2.0376165,13.319944
76,-1.5051589,18.480906
76,-0.8466609,27.504771999999996
76,-0.7714675999999999,31.366226
76,-0.8256181999999999,43.19988
76,-0.8807026,58.378235
76,-0.8560690000000001,61.209095
76,-0.9612822,73.81315
76,-0.9875674999999999,76.89984
76,-0.7375695,92.08691400000001
76,-0.46214799999999995,107.27472
77,-0.9050279,3.5989716
77,-4.022346499999999,5.912596
77,-5.530726400000001,9.2544985
77,-5.5810056,12.082262
77,-4.952514,14.395885999999999
77,-4.424581,17.73779
77,-4.022346499999999,21.59383
77,-3.067039,32.390747
77,-2.23743,41.131104
77,-2.2877095,49.871464
77,-0.8547485999999999,59.640102
77,-0.42737429999999993,68.38046
77,-0.20111729999999997,77.634964
77,-0.0251397,86.88946
78,-3.1419387000000003,3.238049
78,-5.256179,17.395834
78,-3.4435616000000002,32.43298
78,-1.7463673,47.797965999999995
79,-0.8620344000000001,1.2488993
79,-8.022564,11.305096
79,-6.9333789999999995,18.933119
79,-6.7356853,20.970875
79,-6.606267,26.883293
79,-6.0794377,32.996016999999995
80,-1.9126819,7.5040784
80,-0.3492723,14.812398000000002
80,-0.1496882,22.8385
80,-1.2474011999999999,30.277325
81,-5.122299,3.0462523
81,-6.5577607,5.5847809999999996
81,-6.7548122,8.684486999999999
81,-6.1371910000000005,14.975610000000001
82,-6.253875,5.6462007000000005
82,-5.266261,11.776124000000001
82,-3.8127584000000003,17.902994
82,-3.252363,21.04619
82,-2.7452784,24.032394
82,-2.331327,27.124104
83,-2.8847046,22.389597
83,-2.362641,26.481474
83,-1.7596880000000001,29.657625
83,-1.5074173,31.475578000000002
84,-3.1388873999999998,36.368313
84,-0.0133287,76.53601
84,-0.0817484,117.51123999999999
84,-0.1224705,157.72098
84,-0.18399379999999999,197.17748999999998
84,-0.21087519999999998,236.62526
84,-0.2030988,276.82272
84,-0.27150250000000004,318.55643
84,-0.2914395,358.76093
85,-1.9130939999999999,11.028557000000001
85,-2.1136007,30.799732000000002
85,-2.2170782000000004,52.063334999999995
85,-2.362142,72.57897
85,-1.5298096,116.36038
85,-0.9468985000000001,160.20485
85,-0.1976906,204.76576
85,-0.2037069,248.00064
85,-0.4383434,292.05182
86,-1.7120433000000002,17.045567000000002
86,-1.912166,55.02016999999999
86,-1.779743,92.152214
86,-1.5710918,130.02347
86,-1.2793162,167.11522
86,-0.7588885000000001,204.90764
86,-0.2315484,241.93985
86,-0.2515174,280.62737999999996
86,-0.23687660000000002,317.78918
87,-0.0908049,16.635673999999998
87,-0.11810230000000001,36.363056
87,-0.11075789999999999,56.081683999999996
87,-0.13109500000000002,77.324265
87,-0.17224920000000002,167.11522
87,-0.1856739,117.53751000000001
87,-0.21295540000000002,138.02338
87,-0.2263801,158.50572
87,-0.27447859999999996,177.47988999999998
88,-1.0607926,16.122432999999997
88,-0.9427863000000001,26.711319
88,-0.9423543,47.19017
88,-0.9904369000000001,66.92281
88,-1.0664248,77.560745
88,-1.1695183999999998,117.02776999999999
88,-1.2037282,137.51538
88,-1.1201718,157.21473999999998
88,-1.050456,177.47988999999998
88,-0.8840312,184.46033
88,-0.4257027,234.40412999999998
88,-0.11288599999999999,283.62625
88,-0.1952904,318.53717
88,-0.1810177,338.25403
88,-0.1946344,349.63467
89,-0.0698757,23.456703
89,-0.1387594,42.436122999999995
89,-0.1175423,62.90971999999999
89,-0.130999,81.87512
89,-0.1582644,103.11946
89,-0.1370953,121.31763000000001
89,-0.1851299,143.3257
89,-0.1916422,163.04782
89,-0.1912262,182.7682
90,-4.1419053,0.01487858
90,-4.1403675,0.29362422
90,-4.296198400000001,0.48066923
90,-4.097565,0.9437271
90,-4.055788,1.4079995
90,-3.8176847,1.9172113000000002
90,-4.6352839999999995,2.9921129
90,-3.4142672999999997,3.9583097
90,-3.1282357999999997,6.0467763
90,-2.8040154,7.949109
90,-2.3226826000000003,9.896685
91,-14.079225,11.69219
91,-14.055535,17.923489
91,-13.968273000000002,24.029997
91,-13.875242000000002,30.014069
91,-13.787992000000001,35.998375
91,-13.694961,41.98245
91,-13.619282,47.845024
91,-13.555141,53.952473
91,-13.45633,59.93631
91,-13.340167000000001,66.04164
91,-13.224014000000002,72.02476999999999
91,-13.07895,78.12892
91,-12.980138,84.11276
91,-12.887107,90.09683000000001
91,-12.776735,96.08019
91,-12.654792,102.18529000000001
91,-12.521298,108.16771999999999
91,-12.422499,114.02935
91,-12.335258999999999,119.89146000000001
92,-0.1013514,2.4765344
92,-0.5405405,2.746089
92,-0.8108108,2.9819496
92,-1.1148648,3.2851985
92,-1.418919,3.5716004
92,-1.6891892,3.8748496
92,-2.4324324,4.6835135999999995
92,-2.6013512999999997,4.902527
92,-2.7702703,5.205776
92,-3.1756756,5.8291216
92,-3.4797297,6.3345366
92,-3.6824324,6.705174400000001
92,-3.8513512999999997,7.1432009999999995
92,-4.0202703,7.530686
92,-4.1554055,7.9350179999999995
92,-4.2229730000000005,8.288809
92,-4.2905407,8.575211
92,-4.324324,8.962695
92,-4.425676,9.282792
92,-4.4594593,9.754513000000001
92,-4.5270269999999995,10.31047
92,-4.493243,10.731648
92,-4.4594593,11.034898
92,-4.493243,11.405536
92,-4.5270269999999995,11.860408999999999
92,-4.3918919999999995,12.365825
92,-4.3581080000000005,12.635378999999999
92,-4.324324,12.938628
93,-5.3040543,1.0108303
93,-5.2027025,1.3309265
93,-5.168919,1.6173285
93,-5.135135,1.9037304
93,-4.932432700000001,2.0890493
93,-4.5270269999999995,2.4428398999999996
93,-3.8513512999999997,2.6955476000000003
93,-3.6486487000000003,3.234657
93,-3.4121620000000004,3.4873644999999995
93,-3.1756756,3.7906137
93,-3.0743244,4.0601683
93,-3.0067568,4.329723400000001
93,-2.9054055,4.616125
93,-2.8716216,4.9530687
93,-2.837838,5.205776
93,-2.9054055,5.54272
93,-2.9729729,5.8459687
93,-2.9391892000000004,6.283995
93,-2.9729729,6.55355
93,-2.9391892000000004,7.008424000000001
93,-3.0743244,7.412755499999999
93,-3.1756756,7.8844767000000004
93,-3.3108108,8.474128
93,-3.4121620000000004,8.99639
93,-3.5135136,9.5355
93,-3.6148648000000003,10.091455999999999
93,-3.7162163,10.933815
93,-3.8851351999999997,11.742479
93,-3.9189187999999993,12.281589
93,-3.8513512999999997,12.904933999999999
94,-8.074325,1.0108303
94,-7.972973,1.5667870000000002
94,-7.939189,1.9542718999999997
94,-7.7364864,2.3754513
94,-7.297297500000001,3.33574
94,-7.060811,3.7737665000000002
94,-6.6554055,4.4476533
94,-6.385135,4.986763
94,-6.0135136,5.677497
94,-5.5405407,6.486161
94,-5.2364864,7.075812299999999
94,-4.932432700000001,7.7665462
94,-4.7297297,8.305655499999999
94,-4.560811,8.827917999999999
94,-4.3918919999999995,9.451263
94,-4.2229730000000005,10.158845
94,-4.0878377,10.731648
94,-4.0202703,11.304453
94,-3.8851351999999997,11.8267145
94,-3.8175676,12.298435000000001
94,-3.75,12.955475999999999
95,-0.4054054,0.99398315
95,-0.4391892,1.4657040000000001
95,-0.5067568,1.9542718999999997
95,-1.6891892,2.4596872000000003
95,-2.3986487000000003,2.8977137
95,-3.2432432,3.3694344
95,-4.189189,3.9085437999999995
95,-5.0,4.9362216
95,-5.135135,5.8291216
95,-5.3378377,6.67148
95,-5.4054055,7.429603
95,-5.3378377,8.052947999999999
95,-4.932432700000001,8.912154
95,-4.932432700000001,10.024067
95,-4.7972975,11.034898
95,-4.4594593,12.028881
95,-4.324324,12.938628
96,-1.3175676,1.0276775
96,-1.081081,1.5667870000000002
96,-0.9459459000000001,1.9374248
96,-1.0135136,2.3586042000000003
96,-1.1486486,2.9314080000000002
96,-1.3175676,3.1841154
96,-1.7229729999999999,3.723225
96,-1.9256756000000002,4.009627
96,-2.162162,4.245487000000001
96,-2.9729729,4.9362216
96,-3.108108,5.323706
96,-3.108108,5.677497
96,-3.3108108,6.1492176
96,-3.3783784,6.7388687
96,-3.4459459999999997,7.042117999999999
96,-3.5810812000000007,7.6823106
96,-3.7162163,8.22142
96,-3.8851351999999997,8.726835000000001
96,-3.9864864,9.181708
96,-4.1216216,9.687124
96,-4.2229730000000005,10.175692
96,-4.3581080000000005,10.596871
96,-4.425676,11.102286
96,-4.5270269999999995,11.607700999999999
96,-4.425676,12.09627
96,-4.3581080000000005,12.584838000000001
96,-4.324324,12.904933999999999
97,-6.8157454,-0.0379545
97,-2.3663247000000003,3.5559663999999995
97,-0.4896813,7.6829863
97,-0.0649163,11.69496
98,0.0,-0.056576699999999994
98,-0.0763079,3.6439483
98,0.0134202,7.627198700000001
98,-0.1766473,11.694801
99,-7.6376479999999995,-0.0701643
99,-5.2740884,2.403203
99,-2.3949529999999997,6.427475
99,-1.1645738,10.470275
100,-0.0760686,0.8838879000000001
100,-0.4950495,2.4572692000000003
100,-2.615914,6.4815407
100,-1.7688965,10.466933000000001
101,-7.996417999999999,0.01276564
101,-6.963641,2.0702806000000002
101,-2.912212,6.105653299999999
101,-0.6250591,10.082201
102,0.03446645,2.8332574
102,-1.2576197,6.080939
102,-1.3423667,10.13643
103,-11.110562,4.0938263
103,-6.6074595,16.626198000000002
103,-5.3636503,29.246979
103,-3.320321,54.087112
104,-9.248301,4.540996
104,-5.718806,17.23551
104,-4.919435,29.841955
104,-4.03541,42.45113
105,-2.4,0.5
105,-1.5,10.0
105,0.0,20.0
105,-0.7,60.0
106,-0.4047355,23.622913
106,-0.07081389999999999,38.24023
106,-0.0676679,54.64309300000001
106,-0.08971230000000001,70.116936
106,-0.1394683,175.9797
107,-9.141199,1.2123197000000001
107,-6.495844,5.4484205
107,-3.8747168,10.393749
107,-3.4629467000000003,15.378983999999999
107,-0.9815098,20.4377
107,-1.7068936999999997,40.649452000000004
107,-1.1293663,60.434067000000006
107,-0.4865637,100.4585
107,-0.2,250.0
108,-0.4431633,70.006
108,-0.20454589999999997,85.54066999999999
108,-0.08253619999999999,100.11331
108,-0.0855153,114.81703999999999
108,-0.0927747,129.01865
108,-0.10616289999999999,145.87527
108,-0.11121480000000002,161.11444
108,-0.1374886,175.94037
108,-0.1425854,190.6552
108,-0.14344679999999999,205.34781999999998
108,-0.1506165,220.5981
108,-0.1684195,235.3796
108,-0.18825039999999998,251.22087000000002
108,-0.1980313,260.71454
108,-0.2056944,270.19707999999997
108,-0.2005169,281.18597
108,-0.2039447,290.6463
108,-0.22219629999999999,300.18442000000005
108,-0.22346149999999998,310.15796
108,-0.2331975,320.17596000000003
109,-0.0130512,9.3875065
109,-0.020031,25.071913000000002
109,-0.039641,40.723267
109,-0.042388699999999994,55.89533
109,-0.0493242,70.533005
109,-0.0602925,80.97275
109,-0.09098160000000001,109.68066999999999
109,-0.1028141,140.53163
109,-0.12308889999999999,171.88391000000001
109,-0.1726789,199.49553
109,-0.1971194,229.79007000000001
109,-0.2194771,260.61346000000003
110,-1.4634542,0.60359955
110,-1.9977697,0.769469
110,-2.64914,0.7089025999999999
110,-3.1357415,1.225782
110,-3.5999055,1.503837
110,-3.6916837999999994,1.8672357
110,-3.5036663999999997,2.4426167000000003
110,-2.9657013,3.342166
110,-1.7506843,5.0104957
110,-1.0067245999999999,4.9444230000000005
110,-0.44875479999999995,4.894869
110,-0.1889636,6.055955
110,-0.0915081,7.349874499999999
110,-0.0377116,9.476583
110,-0.030412599999999998,11.607419
110,0.000541,13.854571
110,-0.0145981,16.224234
110,0.03919846,18.350939999999998
110,-0.0260873,19.659313
111,-0.1801907,1.5270268
111,-3.650179,4.5759754
111,-4.084225,5.3110485
111,-4.8257155,7.8218190000000005
111,-4.2162447,10.705959
111,-3.8869905,13.308614000000002
111,-3.71135,16.670406
111,-3.4333002999999995,19.526106
111,-3.4600940000000002,21.068447
111,-3.3598516000000003,23.136570000000003
111,-3.2090549999999998,25.72391
111,-3.0079203,29.08789
111,-2.1513104,41.261078000000005
111,-1.2463127,56.5277
111,-0.5659937,66.11135999999999
111,-0.3160378,72.05393000000001
112,-6.099081,7.6255619999999995
112,-4.280476599999999,9.561078
112,-2.2790247999999997,34.66847
112,-1.5330073,49.49075
112,-1.2124739,59.187626
112,-1.2927847,64.52459
113,-3.3096411,7.547745699999999
113,-3.0557689999999997,11.395616
113,-2.0626495,37.325066
113,-1.1218666000000002,56.83080699999999
113,-0.10651980000000001,71.708275
113,-0.5081705,82.00007
113,-0.3802757,87.393585
114,-8.422307,9.830143
114,-5.170569400000001,23.753505999999998
114,-4.0832143,34.401855
114,-3.0507472,49.679417
115,-6.507168,11.916862
115,-4.6446095000000005,21.744537
115,-3.012971,35.624077
115,-2.3344827,40.51647
115,-2.1851513,43.32826
116,-4.3965693,8.0928
116,-3.6625769999999997,11.155936
117,-5.161411,4.905976
117,-5.6170735,5.6307225
117,-1.9849776999999997,15.608494
117,-1.6884453000000001,23.776545000000002
117,-1.693771,30.137729999999998
117,-1.7490157,35.731285
117,-2.0538561,37.486686999999996
118,-2.38,10.0
119,-2.32,10.0
120,-5.036964,7.820479400000001
120,-5.73926,10.257302000000001
120,-6.2137199999999995,18.527732999999998
120,-6.378248999999999,27.344109000000003
120,-6.4672523,35.9552
120,-6.526105,44.171479999999995
120,-6.4715347,52.763866
120,-6.4774923,60.97325
120,-6.3246875,69.55284
120,-6.262599,77.9488
120,-6.0343056,86.12767
120,-5.873754,95.68346
120,-5.713469,103.871185
120,-5.439760700000001,112.43502
121,-8.022422,4.886938
121,-6.4797955,10.35379
121,-6.236389,18.530685000000002
121,-6.2044120000000005,27.516901
121,-6.580675599999999,35.579094
121,-6.631858,44.380703000000004
121,-6.539505,52.968166000000004
121,-6.583283,60.987038
121,-6.422846,69.95651
121,-6.307862,78.34559
121,-6.155057,86.92517
121,-5.9946957,95.50378
121,-5.819222,104.08041
121,-5.5455894,112.25336499999999
122,-1.7087303,10.717153
122,-1.1104587,17.326732999999997
122,-0.9223355,22.491301999999997
122,-0.576335,27.722772999999997
122,-0.32506090000000004,32.9141
122,-0.517505,44.273483
122,-0.5194992,51.89992
122,-1.5362287000000001,75.62215400000001
122,-2.8078882999999997,108.13486499999999
123,-3.9554699999999996,14.596793
123,-2.6864647999999995,18.764457999999998
123,-1.9248598999999997,20.26003
123,-1.3854632,21.68581
123,-1.0682749,23.041795999999998
123,-0.8468224,26.880434
123,-0.7523462,30.679190000000002
123,-0.9433143,33.13193
123,-1.1660264,35.5747
123,-1.3572463,39.283722
123,-1.5484663,42.992740000000005
123,-1.7396863999999999,46.701763
123,-1.9314102,52.923347
123,-2.0913901000000004,59.1549
123,-2.2198777,66.65271
123,-2.3163695,72.904205
123,-2.3811173,79.16566999999999
124,-3.7015178,14.676557999999998
124,-2.210808,21.426576999999998
124,-1.9901115000000003,29.034059999999997
124,-2.024123,40.33062
124,-2.1856142999999997,54.099865
124,-3.1737102999999998,73.89128000000001
124,-4.066574,93.71261
124,-4.515022,113.67352
124,-4.9002333,134.91066
124,-5.030988,153.715
124,-4.8770546999999995,177.6342
124,-4.564653400000001,202.85953999999998
125,-3.142857,7.594937
125,-3.7100839999999997,17.72152
125,-4.245798000000001,29.113924
125,-5.1281514,48.101265000000005
125,-5.663865599999999,64.55696
125,-6.357143,83.544304
125,-6.829832000000001,94.93670999999999
125,-7.1134452999999995,108.86075600000001
125,-7.365546000000001,121.51898999999999
125,-7.743697599999999,131.64557
125,-7.995798,150.6329
125,-8.027311,167.08861000000002
125,-7.995798,188.60759
125,-7.712185000000001,212.65822999999997
125,-7.2079830000000005,236.70886000000002
125,-6.766806599999999,258.22784
125,-6.420168,274.68352999999996
125,-5.7584032999999994,298.7342
125,-5.191176400000001,324.05062999999996
125,-4.686975,350.6329
125,-4.1512604,377.21518
125,-3.7100839999999997,407.59494
125,-3.2373950000000002,443.03795999999994
125,-2.9852939999999997,472.1519
125,-2.7962184,502.53165
125,-2.5126049999999998,522.7848
125,-1.9768907999999998,536.70886
125,-1.6302521,558.22784
126,-12.035306,17.402866
126,-11.046736,20.364193
126,-10.377616999999999,24.461372
126,-10.317188999999999,37.199135
126,-10.160009,46.16425
126,-10.03508,56.38691
126,-9.814756,67.92121
126,-9.564218499999999,85.824394
126,-9.375127,94.80303
127,-7.71875,7.5376883
127,-7.03125,10.050251
127,-6.34375,12.562814
127,-6.03125,16.331657
127,-5.75,20.100502
127,-5.375,22.613066
127,-5.03125,35.17588
127,-5.21875,46.482409999999994
127,-5.6875,54.0201
127,-6.03125,65.32663000000001
127,-6.40625,76.63316
127,-6.6875,84.17085
127,-6.9375,94.22111
127,-7.21875,104.271355
127,-7.375,118.09045400000001
127,-7.46875,130.65326000000002
127,-7.46875,146.98492
127,-7.34375,162.0603
127,-7.21875,174.62312
127,-7.09375,187.18593
128,-3.125,6.355932
128,-2.075,13.983051000000001
128,-1.475,15.254237
128,-0.9125,17.79661
128,-0.725,25.423729
128,-1.1,34.322033000000005
128,-1.55,44.491524
128,-1.8875,55.932205
128,-2.225,63.559321999999995
128,-2.6375,81.35593399999999
129,-11.678401,28.852715999999997
129,-11.365507000000001,50.374237
129,-10.800508,73.20389
129,-10.550248,90.92615500000001
129,-10.300274,111.173676
129,-10.0503,131.42119
129,-9.831856,151.66302
129,-9.55035,171.91623
129,-9.300233,190.90112
129,-9.018728,211.15434
129,-8.705549000000001,230.1506
129,-8.424328,252.92906000000002
129,-8.173927,269.3887
129,-7.955909700000001,293.41843
129,-7.674262,312.409
129,-7.4242873,332.65652
129,-7.268621400000001,350.36172
129,-7.081850500000001,371.8605
129,-6.800345,392.1137
129,-6.644963000000001,412.34418
129,-6.457908,431.3177
129,-6.365304,449.0115
129,-6.178675,471.77292
130,-12.62376,23.631586
130,-12.373075,37.565975
130,-12.406168,51.449177
130,-12.31328,66.61775
130,-12.188435,78.00414
130,-11.875966,103.31354
130,-11.751689,119.75043500000001
130,-11.407122,140.01501000000002
130,-11.346048,157.70316
131,-9.252253,13.844394
131,-9.441442,20.1373
131,-9.662162,28.947369000000002
131,-9.599099,41.53318
131,-9.378378,62.92906
131,-9.346847,72.99771
131,-9.472973,90.61785
131,-9.662162,101.94508
131,-9.851352,118.30663
131,-10.040541000000001,134.6682
131,-10.22973,152.28833
131,-10.324325,183.75285
131,-10.387387,201.373
131,-10.261261,224.02747000000002
131,-10.261261,245.42334
131,-10.22973,261.7849
131,-10.198198,289.4737
131,-10.135135,317.16247999999996
131,-10.103603,342.3341
131,-10.072072,362.4714
131,-10.040541000000001,383.86728
131,-9.977477,402.746
131,-9.977477,421.62473
131,-9.851352,439.24484
131,-9.851352,469.4508
132,-11.680181,8.810069
132,-12.027027,15.102975
132,-12.247747,21.395882
132,-12.184685,30.20595
132,-12.121622,39.016018
132,-11.932432,49.084666999999996
132,-11.711712,57.894737
132,-11.459458999999999,69.22197
132,-11.333333,80.5492
132,-11.144144,93.13501
132,-11.144144,99.42792
133,-7.165354300000001,11.402027
133,-9.039371000000001,20.27027
133,-10.775591,40.54054
133,-11.381889,59.54391999999999
133,-12.153542999999999,79.81418599999999
133,-12.870078999999999,100.08445999999999
133,-13.393701,119.08783999999999
133,-13.696851,139.35811
133,-13.834645000000002,159.62837
133,-13.834645000000002,187.5
133,-13.724409,211.57095
133,-13.641732000000001,231.84122000000002
133,-13.476378,247.04391
133,-13.200788000000001,276.18242999999995
133,-12.952755999999999,305.32095
133,-12.622047,335.72635
133,-12.26378,363.59796
133,-11.933071,396.53717
133,-11.574803,425.6757
133,-11.216536,445.94595
133,-10.803149000000001,472.5507
133,-10.307087,499.1554
133,-9.948819,525.76013
134,-12.098425,108.95270500000001
134,-12.429133,116.55405400000001
134,-12.814961,131.75676
134,-13.145669,146.95946
134,-13.283464000000002,160.89526
134,-13.393701,178.63176
134,-13.366141,201.4358
134,-13.283464000000002,234.375
134,-13.145669,257.17905
134,-12.814961,287.58447
134,-12.511811,317.98987
134,-12.181103,348.39526
134,-11.795276,380.06757000000005
134,-11.381889,414.27365
134,-10.996063000000001,445.94595
134,-10.720472000000001,470.0169
134,-10.251968,510.55742999999995
134,-9.838583,544.7635
134,-9.34252,580.2365
134,-8.76378,628.3783599999999
134,-8.074803,676.52026
134,-7.4960628,719.5946
134,-7.1377954,742.3986
135,-7.755319,5.063291
135,-6.893617,10.126582
135,-6.606383,17.72152
135,-6.606383,29.113924
135,-6.542553400000001,45.569621999999995
135,-6.606383,59.493669999999995
135,-6.8297873,65.822784
135,-7.117021,77.21519
135,-7.819149,86.07595
135,-8.585107,105.06329
135,-9.223403999999999,120.25317
135,-9.702127,132.91138999999998
135,-10.404255000000001,148.10127
135,-10.75532,164.55696
135,-11.042553,178.48102
135,-11.234042,194.9367
135,-11.489362,220.25316
135,-11.425532,240.50633
135,-11.234042,264.55697999999995
135,-11.042553,286.07596
135,-10.787234,311.3924
136,-4.1385765,4.3130945999999994
136,-4.2569084,4.8632865
136,-4.3752885,5.32909
136,-4.5615597,5.627071
136,-4.79018,5.967842
136,-5.07817,6.225059
136,-5.323882599999999,6.3129040000000005
136,-5.552551,6.5692863
136,-5.7980480000000005,7.036878
136,-5.984128500000001,7.672412
136,-6.085439,8.348948
136,-6.135927,8.982574000000001
136,-6.152565,9.531336
136,-6.1013827,10.121338
136,-5.9567657,11.089775999999999
136,-5.633657,12.98398
136,-5.225468,15.4677105
136,-4.9364014,17.109228
136,-4.749363400000001,18.161457000000002
136,-4.5282364,19.550764
136,-4.2813983,21.446041
136,-4.0515814,23.214975
136,-3.9323156000000004,24.310351999999998
137,-4.3771796,1.9957566999999998
137,-4.5884914000000006,2.9692006
137,-4.833558,4.196286
137,-5.002521499999999,5.12694
137,-5.1290884000000005,6.0991917
137,-5.204928400000001,6.8597584000000005
137,-5.263818700000001,7.620086
137,-5.288787999999999,8.422132000000001
137,-5.2967596,9.308327
137,-5.270809,10.236239
137,-5.2194114,11.205988
137,-5.1255692999999996,12.3017235
137,-4.997686,13.6501465
137,-4.8357844000000005,15.209064000000001
137,-4.571806,17.441656
137,-4.265215400000001,20.095592
137,-4.0097594,22.243916
137,-3.7967474,24.266253
138,-4.1737193999999995,2.1194785
138,-4.147817,2.9630027
138,-4.037433,3.3412
138,-3.901793,3.4236809999999998
138,-3.698285,3.6317909
138,-3.5794744,3.9254808
138,-3.5284598,4.2201242
138,-3.536695,4.6421847000000005
138,-3.5957532,5.107154
138,-3.6887574,5.488212
138,-3.9172099,6.1243415
138,-4.1456146,6.844859
138,-4.4756417,7.6933894
138,-4.678647,8.371356
138,-4.8223066,9.090681
138,-4.8897676,9.682352
138,-4.914832,10.315621
138,-4.9058547,11.201578
138,-4.854385400000001,12.29791
138,-4.7944174,13.436316
138,-4.692053,14.616320000000002
138,-4.5726914,15.880474
138,-4.4533059999999995,17.186823
138,-4.2914767,18.619156
138,-4.146644,19.96734
139,-1.6567560000000001,0.95925003
139,-6.2383833,3.1669433
139,-12.42706,5.2002907
139,-13.452316,6.8524284
139,-13.162754000000001,8.674762
139,-12.872746000000001,10.194064
139,-12.484439,11.108689
139,-12.145947999999999,12.780199
139,-11.904869,14.450325
139,-11.858388,15.966168
139,-11.764092,18.088764
139,-11.774766,25.361492000000002
139,-11.781883,30.209976
139,-11.740072,34.90764
139,-11.747856,40.210667
140,-2.8700907000000004,0.90771556
140,-3.9577038,1.9667171
140,-6.5921449999999995,3.9334342
140,-7.6072507,5.9001513
140,-7.6072507,7.564296700000001
140,-7.244713000000001,9.833586
140,-6.858006,10.590015
140,-6.495468,12.405446000000001
140,-6.302115000000001,15.128592999999999
140,-6.1812687,19.818457000000002
140,-7.0030212,30.1059
140,-7.6797580000000005,39.7882
140,-8.283988,49.92436
140,-8.187311,60.2118
141,-5.4879727,0.7244969
141,-7.3179164000000005,1.8274346999999997
141,-8.309198,2.5260236000000003
141,-9.072016,3.5419848
141,-9.621333,4.419153
141,-9.8049965,5.6220217
141,-9.607391,6.5445294
141,-9.3184185,7.624335
141,-8.937892999999999,8.557946000000001
141,-8.572796,9.794125
141,-8.268487,10.723109
141,-7.9649220000000005,12.866064999999999
141,-7.7831173,14.698126
141,-7.801521000000001,19.856579999999997
141,-7.911384,25.009483
141,-7.9906683,30.012490999999997
141,-8.0698595,34.86375
141,-8.179537,39.713159999999995
141,-8.24367,44.868840000000006
141,-8.292561,50.025444
141,-8.341265,54.878555000000006
141,-8.359575,59.885265000000004
141,-8.393037,64.7393
141,-8.396382000000001,70.20217
141,-8.35372,75.212585
141,-8.310871,79.9195
141,-8.222571,85.084435
141,-8.286612,90.08836
141,-8.1505375,91.91765
142,-4.399776,0.6147682
142,-4.3809333,2.4297326
142,-6.5254864999999995,4.9043922
142,-8.069054,10.087058
142,-7.758147200000001,15.071677
142,-7.665421,20.061798
142,-7.500078,24.747515
142,-7.770929300000001,29.898088
142,-8.258142,40.046577
142,-8.654558,49.890205
142,-8.996263,60.18631
142,-9.065847999999999,68.8114
143,-13.34586,16.492539999999998
143,-13.270494,27.481033
143,-13.112701999999999,35.964714
143,-13.001431,41.264023
143,-12.843752,49.037643
143,-12.686188000000001,56.10120799999999
143,-12.584174,61.047665
144,-13.185976,16.725979000000002
144,-13.387196,25.266904999999998
144,-13.323170999999999,45.907475
144,-13.030488,65.83629599999999
144,-12.801829,79.7153
144,-12.618902,90.03558000000001
144,-12.5,96.441284
144,-12.417683,101.423485
145,-1.4901961000000001,0.8627450999999999
145,-4.0784316,1.9607843
145,-6.980392,4.0784316
145,-8.862745,6.117647
145,-9.6470585,8.156863000000001
145,-9.803922,10.196078
145,-9.725491,12.156863000000001
145,-9.6470585,14.431373
146,-7.4615383,1.7692307
146,-9.538461999999999,2.9230769
146,-12.307692999999999,5.1538463
146,-13.076922999999999,7.3076925
146,-13.307692999999999,9.153846000000001
146,-13.153846,11.230769
146,-12.923077000000001,13.230769
147,-6.6813273,0.6490975999999999
147,-9.162835000000001,1.316653
147,-10.741703,1.7134947
147,-11.797281,2.285685
147,-12.332567,3.3408531999999997
147,-13.926429999999998,5.275840799999999
147,-14.397241000000001,7.410787599999999
147,-13.90094,10.354799
147,-13.917432999999999,12.04676
147,-13.661036,16.519688000000002
147,-13.406137,21.146431
147,-13.308677,26.536095
147,-13.055278,31.316652
147,-12.860356,34.402172
148,-7.872721,0.14849187
148,-9.287885000000001,1.0564579
148,-11.369829,1.638051
148,-13.229759,2.3805103
148,-15.090423999999999,3.2791957999999997
148,-16.212263,4.9744779999999995
148,-16.368848999999997,6.689868499999999
148,-16.08361,9.195669
148,-15.870417999999999,11.231245
148,-15.808665,13.888631
148,-15.746178,16.389791
148,-15.610909,19.20495
148,-15.474172,21.707657
148,-15.418301000000001,25.61485
149,-3.9736922,5.0158014
149,-4.1587442999999995,6.106971700000001
149,-4.5451293,6.9010929999999995
149,-5.024624299999999,7.23755
149,-5.395536,8.030775
149,-5.673787,8.509935
149,-5.828252,8.98193
149,-5.8894267,10.220282000000001
149,-5.7490892,12.064374
149,-5.5160007,13.748747
149,-4.926397,16.492943
149,-4.413621,20.167696
149,-3.838682,24.301903
149,-3.3403017999999998,29.829702
149,-2.9818105999999998,34.285140000000006
149,-2.622601,39.97535
149,-2.3247461,46.595215
149,-2.0260832,54.6042
149,-1.8207991999999997,61.69248
149,-1.5058548,71.089676
149,-1.2689956,79.25659
149,-1.094838,86.037964
150,-4.4230485,3.9613516000000004
150,-4.979461,5.0740169999999996
150,-5.628803700000001,6.03771
150,-6.24711,7.153958
150,-6.7415395,8.417387
150,-7.173537,10.603311
150,-7.327192999999999,12.46442
150,-7.403123,14.9384365
150,-7.23112,18.015507
150,-6.966816000000001,20.161127
150,-6.485346,23.220285
150,-5.630898999999999,29.036178999999997
150,-5.350403,32.415672
150,-5.0540743,36.411654999999996
150,-4.710068700000001,42.565796
150,-4.5224133,45.950665
150,-4.19424,51.488316
150,-3.7413824,58.562263
150,-3.3039977999999994,65.63710999999999
150,-2.8824457999999997,72.09546999999999
150,-2.4914813,79.173
150,-2.1319127,85.48059
150,-1.8509679,89.63181
150,-1.4761951,95.47547
150,-1.1010633,101.936516
151,-4.175205,4.41006
151,-4.3604364,5.1925383
151,-4.6541615,5.672593599999999
151,-5.118003,6.316847
151,-5.458058,6.953935
151,-5.998997,8.065704
151,-6.2614160000000005,9.161353
151,-6.4777737,9.63693
151,-6.802086,10.736161
151,-6.956281,11.671194
151,-7.0017133000000005,13.371689000000002
151,-6.861644999999999,14.752744
151,-6.520423,16.122154000000002
151,-6.163907,17.181978
151,-5.838068499999999,18.70663
151,-5.464912,21.772057999999998
151,-5.076192,24.990935999999998
151,-4.671101,29.75238
151,-4.249998000000001,35.439007000000004
151,-3.6411495000000005,44.664845
151,-3.2349813,51.278442
151,-2.7814949,59.432809999999996
151,-2.5144072,66.36317
151,-2.2152952999999997,75.143875
151,-1.9470404,84.08073
151,-1.8522248,87.47097
151,-1.7221528000000002,98.26803000000001
151,-1.6091703000000002,106.28776
152,-18.49802,9.596076
152,-18.307772,18.932333
152,-18.379465,29.405298
152,-18.22818,33.930923
152,-18.076454000000002,39.871635
152,-18.00011,44.398590000000006
152,-17.886206,49.207893
152,-17.847157,54.30154399999999
152,-17.695606,59.676219999999994
152,-17.581789999999998,64.20251
152,-17.50527,69.29549399999999
152,-17.428663,74.6715
152,-17.31467,79.763824
152,-17.23824,84.57379
152,-17.010256,94.75844000000001
152,-16.632654000000002,104.09138
153,-6.734909,0.8974366
153,-6.132748,9.377350999999999
153,-6.092294,18.999277
153,-6.4644547,27.213406
153,-6.611616000000001,35.989594
153,-6.608720299999999,45.329166
153,-6.4935007,54.38373000000001
153,-6.490956,62.591232
153,-6.300883,71.36146
153,-6.186102,79.00093000000001
153,-5.9589095,86.63842
153,-5.881599400000001,94.278564
153,-5.728470300000001,104.74755
153,-5.50119,112.66806000000001
154,-8.623205,0.9047540000000001
154,-10.885796000000001,6.0075517
154,-10.506253,11.008355
154,-10.732208,16.02117
154,-11.187484,21.08812
154,-11.771231,26.10803
154,-12.143972,31.123755
154,-12.416034,35.79037
155,-0.46925370000000005,4.854369
155,-0.23462689999999997,14.886731
155,-0.24,24.919094
155,-0.2435821,34.951458
155,-0.2453731,37.378640000000004
155,-0.24716420000000003,39.967636
155,-0.24716420000000003,42.718445
155,-0.24895520000000002,44.012943
155,-0.2507463,44.983818
156,-1.2391969999999999,2.424629
156,-0.7931738,12.49884
156,-0.534488,17.408396
156,-0.37967449999999997,21.360737
156,-0.49005150000000003,22.433905
157,-3.0441866,3.9647769999999998
157,-3.3261108,24.116386
157,-3.0851748,43.65299
157,-2.8812714,60.464592
157,-2.64056,78.17709
157,-2.409191,94.5243
157,-2.1873883999999997,107.68211000000001
157,-1.965081,124.94417
157,-1.8817297,131.30344
158,-12.49595,9.128630000000001
158,-12.138474,18.402742
158,-11.588196,27.988390000000003
158,-11.615592,38.2412
158,-11.482588,48.166306
158,-11.316738,59.691715
158,-11.312909,68.02093
158,-11.11554,78.26345
158,-11.239264,88.52067
158,-11.10626,98.44578
158,-10.973109,108.69124
158,-11.129385000000001,117.98886
158,-10.996234,128.23433
158,-10.766607,138.79573
158,-10.473203999999999,148.39314
159,-11.373151,6.8347163
159,-11.595119,12.931736
159,-11.14161,21.56073
159,-10.39455,40.107483
159,-9.839705,59.62412
159,-9.766649000000001,78.842445
159,-9.757959,97.74335
159,-9.974182,116.33418999999999
159,-10.029416000000001,135.87874
159,-9.828217,154.45049
159,-9.658978999999999,173.34403999999998
159,-9.168501,192.54326
159,-8.035833,211.71309
159,-6.517853700000001,230.86527999999998
159,-5.06424,249.70006
159,-3.5464072,268.5319
160,-13.877979999999999,6.3086294999999994
160,-14.80768,9.554789999999999
160,-14.292604,12.414466000000001
160,-13.546428,29.039095
160,-13.090121,43.75482
160,-12.569448,58.787964
160,-12.401978,73.83726999999999
160,-12.106071,88.8807
160,-11.810016000000001,104.244484
160,-11.514109,119.28792
160,-11.153982000000001,134.3284
160,-10.665419,149.36302
160,-10.016455,164.06993
160,-9.142725,178.76656
160,-8.332919,194.10683
160,-7.4911520000000005,209.12527
161,0.0,10.0
162,-3.380035,1.6985137
162,-4.395797,3.821656
162,-4.5534153,5.5201697
162,-4.2294220000000005,11.040339
162,-3.0035026,15.286624
162,-2.0577933999999996,25.477707000000002
162,-1.9176883000000002,31.847134000000004
162,-0.47285459999999996,68.78981
162,-0.13134849999999998,110.828026
162,-0.12259189999999999,149.89383999999998
162,-0.1751314,189.3843
163,-3.4569172999999993,10.025409
163,-2.576302,15.047495999999999
163,-2.1840935,18.307106
163,-1.5307173,25.89034
163,-0.8512242,33.905937
163,-0.6332595,35.21504
163,-0.4505639,39.101795
163,-0.38084809999999997,39.752968
163,-0.337645,42.767497999999996
163,-0.2943201,44.921803000000004
163,-0.2510257,47.291164
163,-0.11333010000000002,60.851665000000004
163,-0.11616259999999999,80.851814
163,-0.12769049999999998,100.63616
164,-0.023506700000000002,39.472046
164,-0.0470828,61.435097
164,-0.0320584,84.02555
164,-0.06105830000000001,107.4148
164,-0.0765301,130.44427
164,-0.13528120000000002,153.54004
164,-0.1438377,198.58673000000002
165,-0.018444099999999998,24.724907
165,-0.0517875,39.6863
165,-0.046754699999999996,53.05331999999999
166,-0.0360723,16.90585
166,-0.0384787,36.611553
166,-0.053166899999999996,54.963013000000004
167,-6.341969000000001,0.6861063000000001
167,-6.093264,1.509434
167,-5.720207,2.2641508999999997
167,-5.471503,2.9502572999999996
167,-5.1813474,3.4991423999999998
167,-4.80829,4.0480275
167,-4.5595856,4.871355
167,-3.9792745000000003,5.9691253
167,-3.0673575,8.919382
167,-1.9481865000000003,13.104631
167,-1.6994817999999998,15.094339000000002
167,-1.0777202,20.926243
167,-0.8704663,24.219555
167,-0.7046631999999999,25.385935
167,-0.4974093,27.718697
167,-0.16580309999999998,30.051458
167,-0.0829016,31.012007
167,0.0,34.373928
167,0.0,35.951972999999995
167,-0.0414508,38.627790000000005
168,-12.898456,-0.2599975
168,-13.398562,4.825677
168,-12.695833,9.817673
168,-12.593106,14.762939000000001
168,-12.794638,19.825360999999997
168,-13.098544,24.802298
168,-13.393913000000001,29.872026
168,-13.495911999999999,35.020153
168,-13.697448999999999,39.989117
168,-13.691410999999999,44.848457
168,-13.79626,49.903347
168,-13.795526,60.0902
168,-13.795182,64.85651999999999
168,-13.391023,69.96523
169,-0.9899749,27.958579999999998
169,-1.0087719000000002,47.633137
169,-1.0776941999999998,68.34319
169,-1.1591479,78.69823000000001
169,-1.2531328000000002,119.08283999999999
169,-1.3032582000000001,138.7574
169,-1.1779449,158.43195
169,-1.1152883,178.1065
169,-1.0776941999999998,184.31951999999998
169,-0.6892231,235.05917000000002
169,-0.3508772,285.79883
169,-0.33834590000000003,317.8994
169,-0.3007519,339.64496
170,-0.3070175,42.45562
170,-0.3884712,81.80473
170,-0.4072682,120.11833999999999
170,-0.33834590000000003,138.7574
170,-0.3884712,158.43195
170,-0.4949875,177.071
170,-0.4197995,197.78107
170,-0.3822055,216.42012000000003
170,-0.4197995,236.09467999999998
171,-1.9156514,20.292095
171,-1.9965359,29.497038
171,-2.0443566000000004,36.86723
171,-2.0298018,46.723079999999996
171,-2.0042176,55.351696
171,-1.945602,64.60817
171,-1.8392628,73.88226
171,-1.7585967,81.29992
171,-1.7145602,82.54749
171,-1.5935367,91.82701999999999
171,-1.4871893,100.485466
171,-0.2730973,179.12209
171,-0.196078,184.69142
171,-0.17042910000000003,188.39484
171,-0.1925444,195.15886
171,-0.203598,198.23305
172,-2.142857,18.694363
172,-2.289056,57.467854
172,-2.13868,93.47180999999999
172,-1.8796992,132.2453
172,-1.4452798,169.63403
172,-0.9941521000000001,207.71513000000002
172,-0.53467,245.79622999999998
172,-0.2631579,284.56973
172,-0.2548037,322.65085
173,-2.4749374,34.171597
173,-2.6378446,68.34319
173,-2.5125313,120.11833999999999
173,-2.0112782,165.68048000000002
173,-1.4974937,206.0651
173,-1.1528822,227.81065
173,-0.7017544,249.55621000000002
173,-0.5325814999999999,271.3018
173,-0.3947369,294.08286
174,-0.0835422,20.07913
174,-0.1086049,40.850643
174,-0.1086049,60.92977
174,-0.12531330000000002,80.31652
174,-0.15873020000000002,100.395645
174,-0.17961570000000002,121.16716000000001
174,-0.20467839999999998,141.24629
174,-0.2213868,162.0178
174,-0.2715121,181.40456
175,-0.6578946999999999,78.69823000000001
175,-0.16290729999999998,138.7574
175,-0.1942356,171.8935
175,-0.18170429999999999,197.78107
175,-0.1942356,223.66863999999998
175,-0.20676689999999998,239.20119
175,-0.2005013,247.48521000000002
176,-2.368421,32.542038
176,-2.330827,51.928783
176,-2.2639932999999997,74.77745
176,-2.1470342000000002,93.47180999999999
176,-2.0760233,113.55094
176,-0.192147,246.48862999999997
176,-0.192147,261.0287
176,-0.2255639,275.56876
176,-0.18379279999999998,290.1088
176,-0.23809520000000003,306.726
177,-2.4554663,33.021440000000005
177,-2.6100953,66.825325
177,-2.5848427000000003,100.695656
177,-2.177768,132.24442
177,-1.5357782,166.34258
177,-0.9011064000000001,198.59105
177,-0.4463404,232.62004
177,-0.2925685,264.07523
178,-2.2793042999999997,36.780440000000006
178,-2.4743228,71.18506
178,-2.3976512000000003,103.227425
178,-2.2400303,121.13963000000001
178,-2.1925168,137.1642
178,-1.928395,152.03748000000002
178,-1.6973531000000002,169.9768
178,-1.4479479,187.30727
178,-1.2939657,202.75551000000002
179,-0.8936207,9.871537
179,-0.39569540000000003,19.846725
179,-0.2914545,29.820303000000003
179,-0.2945791,39.82127
180,-16.675875,0.03581662
180,-16.30755,0.64469916
180,-16.123388000000002,0.9670486999999999
180,-15.976059,1.6117479
180,-15.828729999999998,2.256447
180,-15.681398999999999,3.0802292999999996
180,-15.570903,4.083094600000001
180,-15.570903,4.871060400000001
180,-15.681398999999999,5.8022922999999995
180,-15.718232,6.661891000000001
180,-15.718232,7.4498568
180,-15.755064,8.273639
180,-15.755064,9.204871
180,-14.613259,26.540115000000004
181,-17.23985,1.6998906000000003
181,-17.099636,4.684772
181,-15.685981,9.601216
181,-15.015678,14.497516000000001
181,-14.734877,19.654266
181,-13.677454000000001,29.439190000000004
181,-13.540625,39.74118
181,-12.487587,59.011242
181,-11.222916,79.91308599999999
181,-9.922092999999998,99.189865
181,-8.939852,118.45801000000002
181,-7.7817492,140.16998
181,-6.940597500000001,158.35028
181,-5.9232087,178.16138999999998
181,-5.3968782,188.20293
181,-4.941218,197.97154
181,-4.695814,203.12733
181,-4.344091400000001,208.015
181,-4.2042546,211.8129
182,-0.5168675,1.8
182,-0.724498,3.7
182,-0.8194779000000001,4.7
182,-0.9034136999999999,5.5
182,-0.952008,7.7
182,-0.8835341,9.7
182,-0.5212851,14.7
182,-0.12369480000000001,19.7
182,-0.0530121,24.8
182,-0.0485944,34.9
183,-0.3777109,1.2
183,-0.8813253000000001,3.2
183,-1.00502,4.2
183,-1.0845381,5.2
183,-1.0757028,7.3
183,-0.952008,9.2
183,-0.5522088,14.3
183,-0.1767068,19.3
183,-0.0530121,24.3
183,-0.0574297,34.5
184,-1.27,7.24
185,-0.2,8.35
186,-3.7316422,1.005413
186,-3.6954677000000005,1.8688983000000001
186,-3.6838684,2.258279
186,-3.6857803,2.6814137000000002
186,-3.6618934000000003,3.3078464999999997
186,-3.6257954,4.188257
186,-3.5762625,5.0518394
186,-3.553446,5.915228
186,-3.4921608,7.134339999999999
186,-3.443928,8.285653
186,-3.3446328999999997,9.962042
187,-8.708388000000001,2.2846875
187,-7.176814599999999,3.4279008
187,-6.2081056,4.456358
187,-5.182281,6.0246900000000005
187,-4.4482565,7.8486147
187,-3.6184730000000003,10.303697999999999
187,-1.9017906999999998,15.753738
188,-8.708388000000001,2.2846875
188,-7.176814599999999,3.4279008
188,-6.2081056,4.456358
188,-5.182281,6.0246900000000005
188,-4.4482565,7.8486147
188,-3.6184730000000003,10.303697999999999
188,-1.9017906999999998,15.753738
189,-3.2612429,2.1502151
189,-2.8920424,4.3963823
189,-2.5425332000000003,7.1518692999999995
189,-2.1151022999999998,9.908238
189,-1.843093,11.643764
189,-1.493373,13.889709
189,-0.9298742,17.360979999999998
189,-0.7356603,18.789898
190,-1.859158,3.388993
190,-2.0160978,6.036837
190,-1.9773057,6.44491
190,-1.8413643,7.465534
190,-1.452852,10.1195545
190,-0.9666424000000001,12.061321000000001
190,-0.5193094,13.798831
190,-0.3636768,14.310135999999998
191,-3.2476685,3.1101197999999997
191,-3.5603702000000004,3.8234019999999997
191,-3.7364553999999996,4.6275926
191,-3.8348737,6.328047799999999
191,-3.6011519999999995,7.494512599999999
191,-3.3867412000000003,8.213039
191,-2.9188318,9.560933
191,-1.8467358,13.064017999999999
192,-3.2476685,3.1101197999999997
192,-3.5603702000000004,3.8234019999999997
192,-3.7364553999999996,4.6275926
192,-3.8348737,6.328047799999999
192,-3.6011519999999995,7.494512599999999
192,-3.3867412000000003,8.213039
192,-2.9188318,9.560933
192,-1.8467358,13.064017999999999
193,-7.93967,-0.08737260000000001
193,-6.900488,1.7141668999999997
193,-6.220367400000001,3.0213513
193,-5.427042500000001,4.813057
193,-4.860484,6.2756963
193,-4.4643135,8.051516000000001
193,-4.181794,10.142783999999999
193,-3.4092593,15.293606
194,-3.3640133999999997,2.0156212
194,-3.6675012000000002,3.603457
194,-3.9518980000000004,4.8720617
194,-4.141556,5.824460500000001
194,-4.2369213,7.260624000000001
194,-4.161898600000001,8.383607000000001
194,-3.9545807999999996,9.67188
194,-3.3712564,14.975131
195,-7.72,0.0
195,-6.778823399999999,0.7936508000000001
195,-5.611765,1.5873016000000002
195,-4.651765,2.3809524
195,-3.5411766000000005,3.8095237999999996
195,-2.8070588,5.714286
195,-2.2988236,7.301587
195,-1.8470588,8.888889
195,-1.64,13.4920635
196,-0.04,4.6031747
196,-0.26588229999999996,5.714286
196,-0.5858824,6.984127
196,-0.7741177,8.412699
196,-0.8117647,10.158730499999999
196,-0.7929411999999999,13.174603
197,-9.262125,1.7957173999999998
197,-9.169322,4.5109987
197,-6.495293599999999,9.704053
197,-4.761437,14.55608
197,-3.3767050000000003,24.126143
197,-3.1726667999999996,29.556288000000002
197,-3.3730947999999996,39.524567
197,-2.9467554,49.659805
197,-2.88912,59.622240000000005
197,-2.2785349999999998,69.39099
197,-2.0733926,79.53124
197,-2.4580238,90.047165
197,-2.2897477000000004,100.188255
198,-3.7326791,4.9606775999999995
198,-7.2546669999999995,9.586258
198,-6.686615,14.722601000000001
198,-6.7402797,19.480556
198,-6.7499685,24.954908
198,-6.615285000000001,30.272745
198,-6.4378785999999995,34.866690000000006
198,-6.3034453,39.89647
198,-6.2558365,44.78971
198,-6.0926290000000005,49.672962
198,-6.0156193,55.13981999999999
198,-5.9392357,59.886536
198,-5.920526000000001,64.78228
198,-5.8583419999999995,69.8183
198,-5.7962832,74.71029
198,-5.7050743,79.88785
198,-5.671914599999999,84.78233
198,-5.551680999999999,90.10141999999999
198,-5.460848,94.846886
198,-5.3989142999999995,99.59485
198,-5.3222804,104.62961999999999
198,-5.1733975,109.65816000000001
198,-5.082439,114.54765
198,-5.005554,119.87048
198,-4.9436207,124.61845
198,-4.766089,129.35641
198,-4.67488,134.53396999999998
198,-4.586678,136.25482
199,-13.954118,4.558288
199,-14.980514999999999,11.437139
199,-13.378516000000001,39.6301
199,-12.491075,59.735507999999996
199,-11.432407000000001,79.83917
199,-10.602039999999999,99.94516999999999
199,-9.571877,120.29442
199,-8.456169000000001,140.15219
199,-7.483114200000001,160.25673
199,-6.538631,180.11626
199,-5.565610400000001,199.9755
199,-2.04051,308.36142
200,-21.260407999999998,-0.5183055
200,-9.159865,4.2639885
200,-11.613404,9.195037
200,-11.926638,14.10421
200,-11.86885,19.254889000000002
200,-12.40967,29.317657
200,-12.578146,49.188559999999995
200,-12.204309,69.78981999999999
200,-11.459519,90.14199
200,-10.657689999999999,110.248276
200,-9.713206,130.1078
200,-8.768757,149.72203000000002
200,-7.7956686,170.07187
200,-6.908294000000001,189.68668
200,-5.9066,210.52682000000001
200,-4.9336476,229.89546
200,-4.017633999999999,250.24587999999997
200,-3.1017217999999995,269.8604
200,-2.2142793999999997,289.96582
200,-2.0987046,300.26718
200,-2.0688438000000002,309.83353
201,-19.062994,0.0
201,-19.376396,3.3872154
201,-18.690954,7.304986500000001
201,-17.805854999999998,10.484821
201,-17.605345,15.87934
202,-16.094694,2.617778
202,-16.978779,6.796889999999999
202,-17.235174,9.988391
202,-16.606028,19.548605
202,-16.090929,29.845878999999996
202,-15.604367000000002,40.143444
202,-15.060799,49.949833
203,-8.619695,19.8125
203,-9.5161295,29.9375
203,-10.300509,39.875
203,-10.728354,49.625
203,-10.911715,59.75
203,-10.983022,69.875
203,-11.033956,79.625
203,-11.044143,89.5625
203,-10.932088,99.6875
203,-10.972836000000001,125.9375
204,-7.825127,20.75
204,-8.966044,30.875
204,-9.169779,35.9375
204,-9.251273,40.8125
204,-9.342955,46.0625
204,-9.5161295,50.9375
204,-9.699491,56.0
204,-9.913412,60.875
204,-10.147708,65.9375
204,-10.341256,70.8125
204,-10.382004,73.0625
204,-10.636672,78.125
204,-10.779287,83.0
204,-10.911715,87.875
204,-10.993209,93.125
204,-11.064516000000001,98.1875
204,-11.033956,102.875
204,-11.044143,107.9375
204,-10.993209,113.0
205,-8.405772,20.375
205,-8.222411,26.375
205,-8.3650255,36.3125
205,-8.803056,46.0625
205,-9.342955,56.0
205,-9.709678,65.375
205,-10.147708,75.3125
205,-10.42275,85.0625
205,-10.728354,94.8125
205,-10.748727,104.9375
205,-10.748727,112.625
206,-8.426146000000001,26.1875
206,-9.037352,36.125
206,-9.159593,45.5
206,-9.424448,56.1875
206,-9.760612,65.9375
206,-9.943973,76.0625
206,-10.198642,86.0
206,-10.483871,96.125
206,-10.595925,106.0625
206,-10.738539999999999,116.1875
206,-10.728354,121.25
206,-10.687606,125.9375
207,-9.944922,0.03675827
207,-11.707153,0.5284001
207,-12.045125,0.6522405
207,-12.021236,1.4138806000000002
207,-11.466482000000001,2.6879485
207,-10.67014,3.3296866
207,-8.860592,5.757264
207,-7.2922554,7.6750393
207,-6.2066345,9.461535000000001
207,-5.62795,11.370339
207,-5.43518,12.387319
207,-5.1700797,13.658760999999998
207,-4.8810910000000005,15.691842999999999
207,-4.3031559999999995,19.884912
207,-3.2710545,37.660816
207,-1.6846145000000001,57.979828000000005
207,-0.8463649,78.038246
207,-0.3183284,87.180115
208,-8.0,0.26595744
208,-7.7931029999999994,0.8865248
208,-8.620689,1.9503546000000003
208,-7.448276,2.9255318999999997
208,-7.172414,3.9007092000000005
208,-6.7586207,5.9397163
208,-6.344827700000001,7.9787235
208,-5.862069,10.017731
208,-5.655172299999999,10.992908
208,-5.37931,12.1453905
208,-5.1034484,12.943261999999999
208,-4.827586,14.095745
208,-4.344827700000001,16.223404000000002
208,-3.6551723,20.212767000000003
208,-3.6551723,24.911348
209,-10.176308,0.31008124
209,-9.975937,1.0185808
209,-9.845903999999999,2.168165
209,-9.714483999999999,3.052738
209,-9.65155,4.025047
209,-9.39056,6.147541
209,-9.061083,8.182299
209,-8.663119,10.129321000000001
209,-8.465062,11.279506
209,-8.334105000000001,12.252416
209,-8.202684,13.136989000000002
209,-8.004164999999999,14.198835999999998
209,-7.742249,16.144657000000002
209,-7.2198057,20.301308
209,-7.2443314,24.983173
210,-9.720684,-0.2756375
210,-9.373606,0.6068861
210,-9.367408,1.4934396
210,-10.382613000000001,2.569393
210,-7.853896000000001,3.426126
210,-5.998265,5.532093
210,-4.9613667,7.559077
210,-4.2665896,9.412778999999999
210,-3.9170317999999997,10.649924
210,-3.638129,11.533254
210,-3.4249237,12.772011000000001
210,-3.2135775,13.744801500000001
210,-2.9954134999999997,15.692801000000001
210,-2.627262,19.589607
210,-2.5931742,24.46565
211,-10.076027,0.28689593
211,-9.07611,0.16394053
211,-8.196843,0.8755915000000001
211,-7.560257000000001,1.2071985
211,-6.984271000000001,1.5462573
211,-6.620389500000001,1.9113976000000001
211,-6.4688870000000005,1.892768
211,-6.2868085,2.280264
211,-6.1650553,3.0850627
211,-6.1044540000000005,3.077611
211,-6.2846044999999995,5.559074400000001
211,-6.526182,6.8184357
211,-6.6465583,8.062894
211,-6.553453,11.330525999999999
211,-6.371099,12.127873
211,-6.157342400000001,14.5609
211,-5.944136599999999,16.174225
211,-5.761232,17.791273
211,-5.6083517,19.821901
211,-4.5114727,28.704496000000002
211,-4.0806546,38.488766
211,-3.6804120000000005,47.86691
211,-3.3402197,58.07221
211,-3.030328,68.281235
211,-2.6901357000000004,78.48653399999999
211,-2.411371,87.46973
211,-2.1017547000000003,97.2689
211,-1.8216126,108.30135
212,-10.310078,2.8682925999999997
212,-8.682171,4.0390244
212,-7.3643413,5.121951
212,-6.007752,7.6390243
212,-5.503875700000001,9.160975
212,-4.418605,18.0
213,-10.29653,9.113924
213,-10.807571000000001,19.493671
213,-11.318612,29.367088
213,-11.347002999999999,39.49367
213,-11.332808,49.620255
213,-11.318612,59.746834
213,-11.332808,69.620255
213,-11.063091,79.49367
213,-11.063091,89.36709
213,-10.552050999999999,99.49367
213,-10.055205,119.74683
213,-9.558359,132.65823
214,-8.777602,0.25316456
214,-8.905363000000001,4.556962
214,-8.905363000000001,8.86076
214,-9.004732,14.43038
214,-9.217666,19.240507
214,-9.104101,24.556963
214,-9.175078,29.113924
214,-9.018928,33.164559999999994
215,-5.9100947,8.86076
215,-6.094637400000001,19.493671
215,-6.4921136,29.367088
215,-6.7902207,39.49367
215,-7.0031548,49.367090000000005
215,-7.0031548,59.493669999999995
215,-6.889589999999999,69.620255
215,-6.705047,79.49367
215,-6.279179599999999,89.620255
215,-5.995268299999999,99.74683
215,-5.512618,109.87342
215,-4.8880124,119.74683
215,-4.0930599999999995,129.87341
215,-3.6104102,140.0
215,-2.8864353,146.83545
216,-1.5,140.0
216,-1.16,150.0
216,-0.9,160.0
216,-0.66,170.0
216,-0.49,180.0
216,-0.13,190.0
216,-0.13,200.0
217,-9.95,10.0
217,-7.91,17.0
217,-7.32,20.0
217,-6.06,30.0
217,-5.1,40.0
217,-4.27,50.0
217,-3.57,60.0
217,-3.5,62.0
217,-2.97,70.0
217,-2.9,72.0
217,-2.44,82.0
217,-1.89,92.0
217,-1.6,102.0
217,-1.37,112.0
217,-0.92,122.0
218,-4.68,28.0
218,-3.41,38.0
218,-2.55,48.0
218,-1.88,58.0
218,-1.52,68.0
218,-1.17,78.0
218,-1.04,88.0
219,-10.746013,0.0
219,-10.27362,23.785926999999997
219,-9.887116,46.977203
220,-10.591411,0.0
220,-10.385276,9.514371
220,-9.998773,32.70565
220,-9.77546,43.70664
220,-9.474847,57.680873999999996
220,-9.096932,75.81764
220,-8.753374,92.765114
221,-10.977914,0.0
221,-10.350921000000001,31.516353999999996
221,-9.723927,61.84341
221,-9.036810000000001,91.87314
221,-8.650307000000002,114.17245
221,-8.392638,129.6333
221,-8.040491000000001,152.52725
222,-11.115337,0.0
222,-10.703068,20.515362
222,-10.385276,37.462833
222,-9.887116,63.92468
222,-9.234356,90.08919499999999
222,-8.426994,124.28146000000001
222,-7.6969323,160.55501
222,-7.095705499999999,191.47672
222,-6.6920247,217.3439
223,-10.161963,0.2973241
223,-9.268711999999999,41.32805
223,-8.6588955,65.4113
223,-8.280982,86.818634
223,-7.988957000000001,103.46878000000001
223,-7.8,117.74033
223,-7.499386299999999,144.20218
223,-7.2760735,165.01486
223,-7.0269938,185.23291
223,-6.838037,202.18036999999998
223,-6.537423,227.75024
223,-6.1509204,254.50941
223,-5.7558284,279.48465
224,-10.737423,0.5946482
224,-10.462577,13.379582999999998
224,-10.127607000000001,27.65114
224,-9.698159,41.922695000000004
224,-9.28589,56.491577
224,-9.011042999999999,69.27651
224,-8.7361965,81.16946999999999
225,-10.067485000000001,0.0
225,-9.337423,16.947474
225,-8.521472,35.976215
225,-8.023313,48.463825
225,-7.422086,63.032706999999995
225,-6.820859,77.89891
225,-5.6355830000000005,109.712585
226,-4.3312005,2.10017392
226,-8.6760768,4.9211349
226,-10.897173,8.01075882
226,-11.519841,11.335462800000002
226,-11.373399000000001,15.5333214
226,-11.000361,21.8804836
226,-10.847017,27.9925657
226,-10.734294,34.977802399999995
226,-10.6529,39.3435753
226,-10.535575999999999,47.604960999999996
227,-18.444000000000003,15.0
227,-18.588,20.0
227,-18.665,25.0
227,-18.649,30.0
227,-18.619,35.0
227,-18.59,40.0
227,-18.558,45.0
227,-18.53,50.0
227,-18.5,57.0
227,-18.487000000000002,60.0
227,-18.45,70.0
227,-18.419,80.0
227,-18.375999999999998,90.0
227,-18.328,97.5
227,-18.027,125.0
227,-17.719,150.0
227,-17.307000000000002,175.0
227,-16.829,200.0
227,-16.307000000000002,225.0
227,-15.753,250.0
227,-15.18,275.0
227,-14.593,300.0
228,-20.8843,10.0
228,-21.1775,20.0
228,-21.2803,30.0
228,-21.2987,40.0
228,-21.2584,50.0
228,-21.1756,60.0
228,-21.0797,70.0
228,-20.9678,80.0
228,-20.8403,90.0
228,-20.7042,100.0
228,-20.5652,110.0
228,-20.410999999999998,120.0
228,-20.2663,130.0
228,-20.0978,140.0
228,-19.91,150.0
228,-19.7572,160.0
228,-19.6137,170.0
228,-19.5767,176.0
229,-11.93,10.0
229,-12.53,20.0
229,-12.67,30.0
229,-12.75,40.0
229,-12.75,50.0
229,-12.7,60.0
229,-12.51,70.0
229,-12.51,80.0
229,-12.5,90.0
229,-12.48,100.0
229,-12.4,120.0
229,-12.34,130.0
229,-12.26,140.0
229,-12.13,150.0
229,-12.11,160.0
229,-12.06,176.0
230,-22.416,1.32
230,-23.122,2.24
230,-22.729,3.15
230,-22.031999999999996,4.06
230,-21.359,4.72
230,-20.791,5.33
230,-19.666,6.1
230,-18.688,7.62
230,-17.921,9.14
230,-17.441,10.67
230,-17.166,12.19
230,-17.164,13.72
230,-17.067999999999998,15.24
230,-17.084,16.76
230,-17.16,18.29
230,-17.11,19.81
230,-17.116,21.34
230,-17.102,22.87
230,-17.088,24.38
230,-17.029,30.48
230,-16.958,38.1
230,-16.912,45.72
230,-16.86,53.34
230,-16.808,60.96
230,-16.730999999999998,68.58
230,-16.665,76.2
230,-16.574,83.82
230,-16.484,91.44
230,-16.374000000000002,99.06
230,-16.236,106.68
230,-16.11,114.3
230,-15.96,121.16
231,-18.5,9.0
231,-16.7,19.0
231,-15.7,29.0
231,-14.9,40.0
231,-13.5,70.0
231,-12.5,94.0
231,-11.5,121.0
231,-10.0,146.0
231,-9.0,178.0
231,-8.0,201.0
231,-6.9,226.0
231,-5.1,246.0
231,-3.0,267.0
231,-1.5,288.0
232,-21.0,10.0
232,-16.0,345.0
233,-16.664,80.0
233,-16.845,90.0
233,-16.994,100.0
233,-17.116,110.0
233,-17.214000000000002,120.0
233,-17.277,120.0
233,-17.28,130.0
233,-17.335,140.0
233,-17.385,140.0
233,-17.352999999999998,150.0
233,-17.355999999999998,160.0
233,-17.434,160.0
233,-17.364,180.0
233,-17.214000000000002,200.0
233,-17.012999999999998,220.0
233,-16.777,240.0
233,-16.505,260.0
233,-16.222,280.0
233,-15.93,300.0
233,-15.626,320.0
233,-15.333,340.0
233,-15.035,360.0
233,-14.737,380.0
233,-14.44,400.0
233,-14.277000000000001,410.0
233,-14.145999999999999,420.0
234,-22.46,13.04
234,-22.74,23.04
234,-22.76,33.04
234,-22.73,38.04
234,-22.7,43.04
234,-22.69,48.04
234,-22.64,53.04
234,-22.62,58.04
234,-22.58,63.04
234,-22.54,68.04
234,-22.515,73.04
234,-22.47,78.04
234,-22.415,83.04
234,-22.39,88.04
234,-22.34,93.04
234,-22.3,98.04
234,-22.246,103.04
234,-22.19,108.04
234,-22.14,113.04
234,-22.086,118.04
234,-22.03,123.04
234,-21.97,128.04
234,-21.85,138.04
234,-21.73,148.04
234,-21.61,158.04
234,-21.46,168.04
234,-21.32,178.04
234,-21.18,188.04
234,-21.03,198.04
234,-20.88,208.04
234,-20.73,218.04
235,-23.154227,8.80597402
235,-23.036104,13.0517499
235,-23.002101,20.2766594
235,-23.001725,29.2033172
235,-23.035012,38.9815653
235,-23.026175,48.75802279999999
235,-22.975162,59.80792660000001
235,-22.91585,67.8819197
235,-22.847988,78.9311073
235,-22.763312,89.1294208
235,-22.644973999999998,98.4761439
235,-22.501307999999998,109.09703
235,-22.37451,119.293553
235,-22.214013,129.488643
235,-22.036703,138.832859
235,-21.867798999999998,148.602513
235,-21.673586,159.22125
235,-21.471002,168.564392
235,-21.276771,179.60820800000002
235,-21.057302,189.800791
235,-20.854701000000002,199.56901200000001
235,-20.618365,210.185959
235,-20.390507,219.52802599999998
235,-20.162613,229.720252
235,-19.917870999999998,239.91176099999998
235,-19.673128,250.103271
235,-19.428367,260.719859
235,-19.183643,270.486289
235,-18.922069,280.252003
235,-18.652088,289.592281
235,-18.415806,298.93399
236,-22.803542,9.59283164
236,-22.930142,15.5143062
236,-23.098954,23.9745763
236,-23.141292,32.4455647
236,-23.133074,42.6157526
236,-23.099553,52.3643561
236,-23.049177,62.5381168
236,-22.973523999999998,73.5614772
236,-22.889413,83.314368
236,-22.796861,92.6442453
236,-22.6706,102.824437
236,-22.527484,113.42978600000001
236,-22.359056,123.18982199999999
236,-22.215923,132.947715
236,-22.022208,143.133623
236,-21.862238,154.164129
236,-21.668515,163.926309
236,-21.483214,173.264046
236,-21.272636,183.45138300000002
236,-21.062059,193.63872
236,-20.851472,203.402329
236,-20.632452999999998,213.16665299999997
237,-23.99,2.6
237,-22.41,7.6
237,-21.88,12.6
237,-21.76,17.6
237,-21.61,22.6
237,-21.52,27.6
237,-21.39,32.6
237,-21.28,37.6
237,-21.09,42.6
237,-21.0,47.6
237,-20.9,52.6
237,-20.8,57.6
237,-20.68,62.6
237,-20.55,67.6
237,-20.44,72.6
237,-20.33,77.6
237,-20.22,82.6
237,-20.09,87.6
237,-19.97,92.6
237,-19.84,97.6
237,-19.71,102.6
237,-19.6,107.6
237,-19.48,112.6
237,-19.34,117.6
237,-19.23,122.6
237,-19.1,127.6
238,-22.3,11.2
238,-22.26,16.2
238,-22.16,21.2
238,-22.01,26.2
238,-21.88,31.2
238,-21.75,36.2
238,-21.62,41.2
238,-21.51,46.2
238,-21.42,51.2
238,-21.28,56.2
238,-21.18,61.2
238,-21.06,66.2
238,-20.94,71.2
238,-20.83,76.2
238,-20.71,81.2
238,-20.56,86.2
238,-20.43,91.2
238,-20.29,96.2
238,-20.15,101.2
238,-20.03,106.2
238,-19.87,111.2
238,-19.73,116.2
238,-19.58,121.2
238,-19.43,126.2
238,-19.28,131.2
238,-19.14,136.2
238,-19.05,141.2
239,-22.35,11.94
239,-22.3,16.94
239,-22.16,21.94
239,-22.0,26.94
239,-21.85,31.94
239,-21.75,36.94
239,-21.61,41.94
239,-21.48,46.94
239,-21.37,51.94
239,-21.27,56.94
239,-21.15,61.94
239,-21.03,66.94
239,-20.91,71.94
239,-20.79,76.94
239,-20.64,81.94
239,-20.53,86.94
239,-20.41,91.94
239,-20.29,96.94
239,-20.13,101.94
239,-20.01,106.94
239,-19.85,111.94
239,-19.71,116.94
239,-19.57,121.94
239,-19.42,126.94
239,-19.28,131.94
239,-19.12,136.94
239,-19.04,141.94
240,-24.16,10.91
240,-24.35,15.91
240,-24.33,20.91
240,-24.19,25.91
240,-24.19,30.91
240,-24.08,35.91
240,-24.03,40.91
240,-23.92,45.91
240,-23.85,50.91
240,-23.8,55.91
240,-23.72,60.91
240,-23.68,65.91
240,-23.61,70.91
240,-23.54,75.91
240,-23.47,80.91
240,-23.39,85.91
240,-23.32,90.91
240,-23.23,95.91
240,-23.14,100.91
240,-23.05,105.91
240,-22.97,110.91
240,-22.85,115.91
240,-22.76,120.91
240,-22.68,125.91
240,-22.56,130.91
240,-22.44,135.91
240,-22.33,140.91
240,-22.24,145.91
240,-22.11,150.91
240,-21.98,155.91
240,-21.86,160.91
240,-21.76,165.91
240,-21.61,170.91
240,-21.49,175.91
240,-21.35,180.91
240,-21.22,185.91
240,-21.09,190.91
240,-20.95,195.91
240,-20.83,200.91
240,-20.69,205.91
240,-20.55,210.91
240,-20.42,215.91
240,-20.27,220.91
240,-20.13,225.91
240,-19.99,230.91
240,-19.82,235.91
240,-19.69,240.91
240,-19.55,245.91
240,-19.39,250.91
240,-19.24,255.91
240,-19.09,260.91
240,-18.94,265.91
240,-18.8,270.91
240,-18.64,275.91
240,-18.5,280.91
240,-18.42,285.91
240,-18.17,290.91
240,-17.9,295.91
240,-17.84,300.91
240,-17.69,305.91
240,-17.54,310.91
240,-17.37,315.91
240,-17.22,320.91
240,-17.06,325.91
240,-16.92,330.91
240,-16.83,335.91
240,-16.74,340.91
241,-9.7675,0.5
241,-10.88,1.5
241,-10.366,3.5
241,-9.2026,5.5
241,-8.2492,7.5
241,-7.9154,8.5
241,-7.6489,9.5
241,-7.4595,10.5
241,-7.3413,11.5
241,-7.2398,13.5
241,-7.2359,17.5
